rally;tournament;truth_s;detected_s;truth_type;truth_player;player;shot_type
20230528_VIGO_00;20230528_VIGO;1.52681038552321;1.472;Serve;4;4;Serve
20230528_VIGO_00;20230528_VIGO;2.705221085759245;2.7093333333333334;Backhand;2;2;Backhand
20230528_VIGO_00;20230528_VIGO;4.846854445318646;4.778666666666667;Smash;3;3;Smash
20230528_VIGO_00;20230528_VIGO;6.670829268292682;6.549333333333333;Backhand;2;2;Backhand
20230528_VIGO_00;20230528_VIGO;7.1524405979543655;7.1466666666666665;Backhand;3;3;Backhand
20230528_VIGO_00;20230528_VIGO;8.894439024390245;8.832;Smash;2;2;Smash
20230528_VIGO_00;20230528_VIGO;10.68767269866247;10.666666666666666;Other;4;1;Forehand
20230528_VIGO_00;20230528_VIGO;11.948059795436663;11.904;Smash;1;3;Smash
20230528_VIGO_00;20230528_VIGO;13.577340676632572;13.525333333333334;Forehand;4;1;Backhand
20230528_VIGO_00;20230528_VIGO;15.401315499606607;15.381333333333334;Smash;1;3;Smash
20230528_VIGO_00;20230528_VIGO;16.548985051140832;16.533333333333335;Backhand;4;1;Backhand
20230528_VIGO_00;20230528_VIGO;18.803335955940206;18.752;Smash;1;3;Smash
20230528_VIGO_00;20230528_VIGO;19.397664830841855;19.328;Forehand;4;1;Backhand
20230528_VIGO_00;20230528_VIGO;21.221639653815892;21.226666666666667;Forehand;1;3;Backhand
20230528_VIGO_00;20230528_VIGO;21.774980330448464;21.738666666666667;Backhand;4;4;Forehand
20230528_VIGO_00;20230528_VIGO;22.338568056648306;22.336;Forehand;1;3;Backhand
20230528_VIGO_00;20230528_VIGO;;13.973333333333333;;;2;Smash
20230528_VIGO_01;20230528_VIGO;1.549897718332022;1.5146666666666666;Serve;2;2;Serve
20230528_VIGO_01;20230528_VIGO;2.4540047206923683;2.4106666666666667;Backhand;3;3;Backhand
20230528_VIGO_01;20230528_VIGO;4.0900078678206135;4.053333333333334;Smash;1;1;Smash
20230528_VIGO_01;20230528_VIGO;5.5107474429583;5.504;Backhand;3;3;Backhand
20230528_VIGO_01;20230528_VIGO;7.7710149488591655;7.658666666666667;Smash;2;2;Smash
20230528_VIGO_01;20230528_VIGO;8.761227380015736;8.725333333333333;Backhand;3;3;Backhand
20230528_VIGO_01;20230528_VIGO;10.849284028324153;10.88;Smash;2;2;Smash
20230528_VIGO_01;20230528_VIGO;11.365916601101494;11.434666666666667;Forehand;3;3;Backhand
20230528_VIGO_01;20230528_VIGO;12.894287962234461;12.864;Forehand;2;2;Forehand
20230528_VIGO_01;20230528_VIGO;14.487238394964596;14.464;Smash;3;3;Smash
20230528_VIGO_01;20230528_VIGO;15.39134539732494;15.402666666666667;Backhand;2;2;Backhand
20230528_VIGO_01;20230528_VIGO;16.080188827694727;16.085333333333335;Backhand;3;3;Backhand
20230528_VIGO_01;20230528_VIGO;17.199559402045633;17.173333333333332;Forehand;2;2;Forehand
20230528_VIGO_01;20230528_VIGO;19.481353265145554;19.541333333333334;Smash;3;3;Smash
20230528_VIGO_01;20230528_VIGO;20.665302911093626;20.650666666666666;Forehand;2;2;Forehand
20230528_VIGO_01;20230528_VIGO;22.301306058221872;22.314666666666668;Smash;4;4;Smash
20230528_VIGO_01;20230528_VIGO;24.4324154209284;24.213333333333335;Backhand;;2;Backhand
20230528_VIGO_01;20230528_VIGO;27.424579071597165;27.392;Backhand;3;3;Backhand
20230528_VIGO_01;20230528_VIGO;31.019480723839497;31.018666666666668;Smash;2;2;Smash
20230528_VIGO_01;20230528_VIGO;31.600692368214006;31.552;Backhand;4;4;Forehand
20230528_VIGO_01;20230528_VIGO;33.04295830055075;33.024;Forehand;2;2;Forehand
20230528_VIGO_01;20230528_VIGO;35.86291109362706;35.84;Backhand;3;3;Backhand
20230528_VIGO_01;20230528_VIGO;38.12317859952793;38.12266666666667;Smash;1;1;Smash
20230528_VIGO_01;20230528_VIGO;40.21123524783635;40.08533333333333;Backhand;4;4;Backhand
20230528_VIGO_01;20230528_VIGO;41.93334382376082;41.984;Smash;1;1;Smash
20230528_VIGO_01;20230528_VIGO;43.24645161290323;43.2;Other;4;4;Forehand
20230528_VIGO_01;20230528_VIGO;45.11924468922109;45.077333333333335;Smash;1;1;Smash
20230528_VIGO_01;20230528_VIGO;47.50867033831628;47.488;Forehand;2;2;Forehand
20230528_VIGO_01;20230528_VIGO;48.886357199055865;48.81066666666667;Forehand;3;3;Smash
20230528_VIGO_01;20230528_VIGO;49.833516915814315;49.81333333333333;Forehand;2;2;Forehand
20230528_VIGO_01;20230528_VIGO;;24.512;;;2;Smash
20230528_VIGO_01;20230528_VIGO;;26.133333333333333;;;3;Smash
20230528_VIGO_01;20230528_VIGO;;34.83733333333333;;;3;Smash
20230528_VIGO_01;20230528_VIGO;;47.01866666666667;;;4;Backhand
20230528_VIGO_01;20230528_VIGO;;50.90133333333333;;;4;Backhand
20230528_VIGO_02;20230528_VIGO;1.2033610668764751;1.216;Serve;4;4;Backhand
20230528_VIGO_02;20230528_VIGO;2.387621164437451;2.3466666666666667;Forehand;1;1;Forehand
20230528_VIGO_02;20230528_VIGO;3.0657055751376867;3.029333333333333;Forehand;4;4;Backhand
20230528_VIGO_02;20230528_VIGO;4.603333605035406;4.586666666666667;Backhand;1;1;Backhand
20230528_VIGO_02;20230528_VIGO;6.675788775767113;6.634666666666667;Smash;4;4;Smash
20230528_VIGO_02;20230528_VIGO;7.654713453186467;7.658666666666667;Backhand;1;1;Backhand
20230528_VIGO_02;20230528_VIGO;8.499931345397325;8.512;Backhand;4;4;Backhand
20230528_VIGO_02;20230528_VIGO;8.681390553894571;8.746666666666666;Other;2;2;Backhand
20230528_VIGO_02;20230528_VIGO;;10.730666666666666;;;4;Forehand
20230528_VIGO_03;20230528_VIGO;0.8961846034618411;0.8746666666666667;Serve;3;3;Serve
20230528_VIGO_03;20230528_VIGO;2.1776448308418566;2.112;Forehand;1;1;Forehand
20230528_VIGO_03;20230528_VIGO;4.028642937057436;3.968;Smash;3;4;Smash
20230528_VIGO_03;20230528_VIGO;4.439045232100709;4.437333333333333;Backhand;2;2;Backhand
20230528_VIGO_03;20230528_VIGO;5.0253342250196695;5.034666666666666;Backhand;4;4;Backhand
20230528_VIGO_03;20230528_VIGO;6.524558935483872;6.485333333333333;Forehand;1;2;Forehand
20230528_VIGO_03;20230528_VIGO;8.660325981117232;8.661333333333333;Smash;3;2;Smash
20230528_VIGO_03;20230528_VIGO;10.620206328874902;10.645333333333333;Other;1;4;Smash
20230528_VIGO_03;20230528_VIGO;11.508015375295043;11.498666666666667;Backhand;4;4;Backhand
20230528_VIGO_03;20230528_VIGO;13.191502340676633;13.205333333333334;Backhand;2;2;Backhand
20230528_VIGO_03;20230528_VIGO;15.452902741935485;15.466666666666667;Smash;4;4;Smash
20230528_VIGO_03;20230528_VIGO;17.010756351691583;17.130666666666666;Other;;3;Backhand
20230528_VIGO_03;20230528_VIGO;18.459727719905587;18.474666666666668;Backhand;3;3;Backhand
20230528_VIGO_03;20230528_VIGO;;18.773333333333333;;;3;Smash
20230528_VIGO_04;20230528_VIGO;1.83179644649882;1.8346666666666667;Serve;1;1;Serve
20230528_VIGO_04;20230528_VIGO;2.9222973410700233;2.9226666666666667;Backhand;3;3;Backhand
20230528_VIGO_04;20230528_VIGO;3.639087254917388;3.6693333333333333;Forehand;2;2;Forehand
20230528_VIGO_04;20230528_VIGO;5.109425539732495;5.12;Forehand;3;3;Forehand
20230528_VIGO_04;20230528_VIGO;6.794188157749803;6.784;Smash;3;2;Smash
20230528_VIGO_04;20230528_VIGO;8.730133566089693;8.746666666666666;Forehand;3;1;Forehand
20230528_VIGO_04;20230528_VIGO;10.94789381235248;10.944;Smash;2;2;Smash
20230528_VIGO_04;20230528_VIGO;12.86545999213218;12.885333333333334;Other;3;1;Smash
20230528_VIGO_04;20230528_VIGO;;12.224;;;1;Smash
20230528_VIGO_05;20230528_VIGO;0.7829299763965382;0.7893333333333333;Serve;2;2;Serve
20230528_VIGO_05;20230528_VIGO;2.0187946498819827;2.026666666666667;Forehand;4;4;Forehand
20230528_VIGO_05;20230528_VIGO;3.953472856018883;3.968;Smash;2;2;Smash
20230528_VIGO_05;20230528_VIGO;5.94638552321007;5.952;Forehand;3;3;Forehand
20230528_VIGO_05;20230528_VIGO;6.677551534225019;6.698666666666667;Backhand;1;1;Forehand
20230528_VIGO_05;20230528_VIGO;7.958709677419355;7.978666666666666;Backhand;3;3;Backhand
20230528_VIGO_05;20230528_VIGO;9.14281038552321;9.130666666666666;Smash;2;2;Smash
20230528_VIGO_05;20230528_VIGO;10.533966955153424;10.517333333333333;Backhand;3;3;Backhand
20230528_VIGO_05;20230528_VIGO;12.177472856018884;12.16;Smash;1;1;Smash
20230528_VIGO_05;20230528_VIGO;;12.693333333333333;;;3;Forehand
20230528_VIGO_06;20230528_VIGO;0.9528664909520062;0.9813333333333333;Serve;2;2;Serve
20230528_VIGO_06;20230528_VIGO;1.810446332808812;1.8346666666666667;Backhand;4;4;Forehand
20230528_VIGO_06;20230528_VIGO;2.7088633099921324;2.7306666666666666;Backhand;2;2;Backhand
20230528_VIGO_06;20230528_VIGO;3.688954557828482;3.712;Forehand;4;4;Backhand
20230528_VIGO_06;20230528_VIGO;4.4648601290322585;4.437333333333333;Backhand;1;1;Backhand
20230528_VIGO_06;20230528_VIGO;5.254378078678206;5.248;Backhand;4;4;Backhand
20230528_VIGO_06;20230528_VIGO;6.778964464201417;6.784;Smash;1;1;Smash
20230528_VIGO_06;20230528_VIGO;7.4868081431943345;7.466666666666667;Backhand;4;4;Backhand
20230528_VIGO_06;20230528_VIGO;8.26271371439811;8.298666666666668;Forehand;1;1;Forehand
20230528_VIGO_06;20230528_VIGO;8.616635553894572;8.618666666666666;Other;4;4;Backhand
20230528_VIGO_06;20230528_VIGO;9.991485776553894;9.984;Forehand;1;1;Forehand
20230528_VIGO_06;20230528_VIGO;10.781003726199842;10.794666666666666;Smash;3;1;Forehand
20230528_VIGO_06;20230528_VIGO;12.414489139260425;12.416;Backhand;1;1;Backhand
20230528_VIGO_06;20230528_VIGO;14.184098336742721;14.186666666666667;Smash;4;2;Smash
20230528_VIGO_06;20230528_VIGO;14.837492501966954;14.869333333333334;Backhand;1;1;Backhand
20230528_VIGO_06;20230528_VIGO;15.558948559402044;15.594666666666667;Forehand;3;2;Smash
20230528_VIGO_06;20230528_VIGO;15.912870398898505;15.893333333333333;Forehand;2;2;Forehand
20230528_VIGO_06;20230528_VIGO;18.11807570653029;18.133333333333333;Forehand;4;4;Forehand
20230528_VIGO_06;20230528_VIGO;20.52746669079465;20.458666666666666;Smash;2;2;Smash
20230528_VIGO_06;20230528_VIGO;22.133727346970886;22.165333333333333;Other;3;1;Forehand
20230528_VIGO_06;20230528_VIGO;24.257258383949647;;Smash;1;;
20230528_VIGO_06;20230528_VIGO;25.41431055153422;25.429333333333332;Forehand;4;3;Smash
20230528_VIGO_06;20230528_VIGO;27.932600563335956;27.946666666666665;Smash;2;2;Smash
20230528_VIGO_06;20230528_VIGO;28.463483322580643;28.48;Backhand;4;4;Backhand
20230528_VIGO_06;20230528_VIGO;29.321063164437447;29.333333333333332;Backhand;1;1;Backhand
20230528_VIGO_06;20230528_VIGO;30.723138143981117;30.741333333333333;Backhand;4;4;Forehand
20230528_VIGO_06;20230528_VIGO;31.676004634933122;31.68;Smash;2;2;Forehand
20230528_VIGO_07;20230528_VIGO;1.2800587297403618;1.28;Serve;2;2;Serve
20230528_VIGO_07;20230528_VIGO;2.3081373945712036;2.2826666666666666;Forehand;4;4;Forehand
20230528_VIGO_07;20230528_VIGO;3.225344830841857;3.2213333333333334;Backhand;2;2;Backhand
20230528_VIGO_07;20230528_VIGO;4.152631469708891;4.2026666666666666;Backhand;3;3;Backhand
20230528_VIGO_07;20230528_VIGO;4.656591599527931;4.714666666666667;Backhand;1;1;Backhand
20230528_VIGO_07;20230528_VIGO;5.785462290322581;5.781333333333333;Forehand;4;4;Forehand
20230528_VIGO_07;20230528_VIGO;7.519085136900078;7.530666666666667;Smash;1;1;Smash
20230528_VIGO_07;20230528_VIGO;9.252707983477578;9.216;Forehand;4;4;Forehand
20230528_VIGO_07;20230528_VIGO;11.268548502753738;11.285333333333334;Smash;2;2;Smash
20230528_VIGO_07;20230528_VIGO;13.163438590873328;13.162666666666667;Backhand;4;4;Backhand
20230528_VIGO_07;20230528_VIGO;15.401021567269867;15.402666666666667;Smash;1;1;Smash
20230528_VIGO_07;20230528_VIGO;16.106565749016525;16.149333333333335;Forehand;4;4;Forehand
20230528_VIGO_07;20230528_VIGO;16.832268335955938;16.85333333333333;Forehand;1;1;Forehand
20230528_VIGO_07;20230528_VIGO;17.366466073564123;17.365333333333332;Backhand;4;4;Backhand
20230528_VIGO_07;20230528_VIGO;18.80779204484658;18.816;Other;2;2;Backhand
20230528_VIGO_07;20230528_VIGO;20.450702068056646;20.458666666666666;Smash;3;2;Smash
20230528_VIGO_07;20230528_VIGO;22.637889031471282;22.656;Other;2;1;Backhand
20230528_VIGO_08;20230528_VIGO;0.8170700236034618;0.8533333333333334;Serve;2;2;Serve
20230528_VIGO_08;20230528_VIGO;2.0279087332808814;1.9413333333333334;Backhand;3;3;Backhand
20230528_VIGO_08;20230528_VIGO;2.746536585365854;2.7093333333333334;Forehand;2;2;Forehand
20230528_VIGO_08;20230528_VIGO;4.626782061369001;4.586666666666667;Backhand;4;4;Backhand
20230528_VIGO_08;20230528_VIGO;6.684223446105429;6.634666666666667;Smash;1;1;Smash
20230528_VIGO_08;20230528_VIGO;7.609579858379229;7.594666666666667;Forehand;4;4;Forehand
20230528_VIGO_08;20230528_VIGO;8.16085601888277;8.149333333333333;Backhand;2;2;Backhand
20230528_VIGO_08;20230528_VIGO;9.686709677419355;9.685333333333332;Backhand;4;4;Backhand
20230528_VIGO_08;20230528_VIGO;11.596487804878048;11.626666666666667;Smash;2;2;Smash
20230528_VIGO_08;20230528_VIGO;13.585019669551535;13.610666666666667;Forehand;4;4;Forehand
20230528_VIGO_08;20230528_VIGO;15.258536585365853;15.274666666666667;Smash;2;2;Smash
20230528_VIGO_08;20230528_VIGO;17.079716758457906;17.088;Forehand;4;4;Smash
20230528_VIGO_08;20230528_VIGO;17.69005822187254;17.664;Forehand;1;2;Forehand
20230528_VIGO_08;20230528_VIGO;18.969806451612904;18.944;Forehand;4;4;Forehand
20230528_VIGO_08;20230528_VIGO;20.968182533438238;20.906666666666666;Smash;2;2;Smash
20230528_VIGO_09;20230528_VIGO;0.4176365066876475;0.4053333333333333;Serve;4;4;Serve
20230528_VIGO_09;20230528_VIGO;1.499694728560189;1.3653333333333333;Backhand;2;2;Backhand
20230528_VIGO_09;20230528_VIGO;2.1451329661683713;2.176;Forehand;4;4;Smash
20230528_VIGO_09;20230528_VIGO;3.49295987411487;3.477333333333333;Backhand;2;2;Backhand
20230528_VIGO_09;20230528_VIGO;4.23331549960661;4.181333333333333;Forehand;3;3;Forehand
20230528_VIGO_09;20230528_VIGO;5.068588512981904;5.0986666666666665;Forehand;1;1;Forehand
20230528_VIGO_09;20230528_VIGO;5.770977183320221;5.802666666666667;Backhand;3;3;Backhand
20230528_VIGO_09;20230528_VIGO;6.891002360346184;6.848;Forehand;2;2;Forehand
20230528_VIGO_09;20230528_VIGO;9.112069236821402;9.130666666666666;Smash;4;4;Smash
20230528_VIGO_09;20230528_VIGO;10.744648308418569;10.709333333333333;Forehand;1;1;Forehand
20230528_VIGO_09;20230528_VIGO;12.661979543666405;12.650666666666666;Smash;4;4;Smash
20230528_VIGO_09;20230528_VIGO;13.782004720692367;13.696;Forehand;1;1;Forehand
20230528_VIGO_09;20230528_VIGO;16.81936113296617;16.810666666666666;Forehand;4;4;Forehand
20230528_VIGO_09;20230528_VIGO;20.04655232100708;20.010666666666665;Forehand;1;1;Forehand
20230528_VIGO_09;20230528_VIGO;20.559106215578282;20.501333333333335;Backhand;4;3;Backhand
20230528_VIGO_09;20230528_VIGO;22.00185051140834;22.016;Forehand;1;1;Forehand
20230528_VIGO_09;20230528_VIGO;22.72322265932337;22.72;Backhand;4;4;Backhand
20230528_VIGO_09;20230528_VIGO;23.69138001573564;23.68;Smash;1;1;Smash
20230528_VIGO_09;20230528_VIGO;24.374785208497247;24.362666666666666;Backhand;3;3;Forehand
20230528_VIGO_09;20230528_VIGO;26.766703383162863;26.794666666666668;Backhand;1;1;Backhand
20230528_VIGO_09;20230528_VIGO;29.367439811172304;29.333333333333332;Forehand;4;4;Forehand
20230528_VIGO_09;20230528_VIGO;29.89897718332022;29.845333333333333;Forehand;2;2;Forehand
20230528_VIGO_09;20230528_VIGO;30.31661369000787;30.165333333333333;Backhand;3;3;Backhand
20230528_VIGO_09;20230528_VIGO;31.170870180959874;31.14666666666667;Backhand;2;2;Forehand
20230528_VIGO_09;20230528_VIGO;31.588506687647516;31.552;Backhand;3;3;Backhand
20230528_VIGO_09;20230528_VIGO;32.233944925255706;32.21333333333333;Backhand;2;2;Backhand
20230528_VIGO_09;20230528_VIGO;33.29701966955153;33.28;Backhand;4;4;Backhand
20230528_VIGO_09;20230528_VIGO;34.09432572777341;34.06933333333333;Forehand;1;1;Forehand
20230528_VIGO_09;20230528_VIGO;35.613003933910306;35.562666666666665;Forehand;4;4;Forehand
20230528_VIGO_09;20230528_VIGO;38.28967427222659;38.29333333333334;Forehand;1;1;Forehand
20230528_VIGO_09;20230528_VIGO;39.903269866247044;39.89333333333333;Smash;4;4;Smash
20230528_VIGO_09;20230528_VIGO;40.62464201416208;40.61866666666667;Forehand;1;1;Forehand
20230528_VIGO_09;20230528_VIGO;41.91551848937844;41.92;Forehand;4;4;Forehand
20230528_VIGO_09;20230528_VIGO;42.71282454760031;42.64533333333333;Forehand;1;1;Forehand
20230528_VIGO_09;20230528_VIGO;44.47828796223446;44.501333333333335;Other;4;3;Forehand
20230528_VIGO_10;20230528_VIGO;0.48700759638080254;0.4693333333333333;Serve;4;4;Serve
20230528_VIGO_10;20230528_VIGO;1.5375525542879624;1.5573333333333332;Forehand;1;1;Forehand
20230528_VIGO_10;20230528_VIGO;4.584828657356413;4.608;Smash;3;4;Forehand
20230528_VIGO_10;20230528_VIGO;5.9484499272226605;;Backhand;1;;
20230528_VIGO_10;20230528_VIGO;7.882565809992132;;Other;4;;
20230528_VIGO_10;20230528_VIGO;8.738307729346971;8.746666666666666;Other;2;2;Forehand
20230528_VIGO_10;20230528_VIGO;9.016597784421714;8.981333333333334;Smash;;2;Smash
20230528_VIGO_10;20230528_VIGO;9.955826720298976;9.984;Backhand;4;3;Forehand
20230528_VIGO_10;20230528_VIGO;10.707209869000785;10.709333333333333;Backhand;1;2;Forehand
20230528_VIGO_10;20230528_VIGO;11.618609799370574;11.605333333333334;Forehand;3;4;Forehand
20230528_VIGO_10;20230528_VIGO;13.858844742722265;13.824;Smash;2;2;Backhand
20230528_VIGO_10;20230528_VIGO;;6.464;;;4;Forehand
20230528_VIGO_11;20230528_VIGO;0.5829607160120845;0.4693333333333333;Serve;4;4;Serve
20230528_VIGO_11;20230528_VIGO;1.9755890931520645;1.92;Forehand;2;2;Forehand
20230528_VIGO_11;20230528_VIGO;3.692084534743202;3.6693333333333333;Smash;3;3;Smash
20230528_VIGO_11;20230528_VIGO;4.696072434541792;;Backhand;2;;
20230528_VIGO_11;20230528_VIGO;6.8335950599194355;6.826666666666667;Smash;3;3;Smash
20230528_VIGO_11;20230528_VIGO;8.35577026283988;;Other;2;;
20230528_VIGO_11;20230528_VIGO;9.456918281973817;;Forehand;;;
20230528_VIGO_11;20230528_VIGO;11.076253604229606;10.965333333333334;Smash;1;1;Smash
20230528_VIGO_11;20230528_VIGO;11.659214320241691;11.477333333333334;Backhand;;3;Backhand
20230528_VIGO_11;20230528_VIGO;12.436495274924471;12.416;Forehand;1;1;Forehand
20230528_VIGO_11;20230528_VIGO;12.792749045820745;12.885333333333334;Backhand;4;4;Backhand
20230528_VIGO_11;20230528_VIGO;13.667190119838871;13.653333333333334;Forehand;1;1;Forehand
20230528_VIGO_11;20230528_VIGO;13.991057184290028;14.08;Backhand;3;3;Backhand
20230528_VIGO_11;20230528_VIGO;15.027431790533736;15.018666666666666;Forehand;2;2;Forehand
20230528_VIGO_11;20230528_VIGO;16.84108735146022;16.72533333333333;Smash;3;3;Smash
20230528_VIGO_11;20230528_VIGO;18.201329022155086;18.197333333333333;Forehand;1;1;Forehand
20230528_VIGO_11;20230528_VIGO;20.17691811530715;20.138666666666666;Smash;4;4;Smash
20230528_VIGO_11;20230528_VIGO;21.79625343756294;21.738666666666667;Forehand;1;1;Forehand
20230528_VIGO_11;20230528_VIGO;22.994561576032226;22.912;Forehand;3;3;Smash
20230528_VIGO_11;20230528_VIGO;24.290029833836854;24.234666666666666;Backhand;1;1;Backhand
20230528_VIGO_11;20230528_VIGO;26.03891198187311;26.005333333333333;Smash;4;4;Smash
20230528_VIGO_11;20230528_VIGO;26.97812646878147;26.965333333333334;Forehand;1;1;Forehand
20230528_VIGO_11;20230528_VIGO;27.82018083635448;27.690666666666665;Forehand;4;4;Forehand
20230528_VIGO_11;20230528_VIGO;28.856555442598186;28.82133333333333;Backhand;1;1;Backhand
20230528_VIGO_11;20230528_VIGO;30.313957232628397;30.314666666666668;Smash;4;4;Smash
20230528_VIGO_11;20230528_VIGO;31.544652077542796;31.36;Forehand;;1;Forehand
20230528_VIGO_11;20230528_VIGO;33.09921398690835;33.10933333333333;Smash;3;1;Smash
20230528_VIGO_11;20230528_VIGO;33.74694811581067;33.74933333333333;Backhand;2;2;Backhand
20230528_VIGO_11;20230528_VIGO;34.815709428499495;34.794666666666664;Forehand;3;3;Forehand
20230528_VIGO_11;20230528_VIGO;38.054380073011075;38.05866666666667;Forehand;1;1;Forehand
20230528_VIGO_11;20230528_VIGO;41.163503891742195;41.024;Forehand;3;3;Forehand
20230528_VIGO_11;20230528_VIGO;42.620905681772406;42.51733333333333;Forehand;1;1;Forehand
20230528_VIGO_11;20230528_VIGO;43.624893581570994;43.541333333333334;Backhand;4;4;Backhand
20230528_VIGO_11;20230528_VIGO;44.8555884264854;44.949333333333335;Forehand;1;1;Forehand
20230528_VIGO_11;20230528_VIGO;45.63286938116818;45.48266666666667;Backhand;4;4;Forehand
20230528_VIGO_11;20230528_VIGO;46.86356422608257;46.784;Forehand;1;1;Forehand
20230528_VIGO_11;20230528_VIGO;49.90791463192346;49.81333333333333;Forehand;3;3;Forehand
20230528_VIGO_11;20230528_VIGO;51.527249954179254;51.541333333333334;Smash;1;1;Smash
20230528_VIGO_11;20230528_VIGO;52.49885114753272;52.373333333333335;Forehand;4;4;Forehand
20230528_VIGO_11;20230528_VIGO;53.34090551510573;53.29066666666667;Forehand;1;1;Forehand
20230528_VIGO_11;20230528_VIGO;54.73353389224572;54.72;Forehand;3;3;Forehand
20230528_VIGO_11;20230528_VIGO;56.806283104733126;56.85333333333333;Smash;1;1;Smash
20230528_VIGO_11;20230528_VIGO;58.42561842698892;58.432;Backhand;4;4;Forehand
20230528_VIGO_11;20230528_VIGO;59.17051267522658;59.072;Forehand;2;2;Forehand
20230528_VIGO_11;20230528_VIGO;60.304047400805636;;Backhand;4;;
20230528_VIGO_11;20230528_VIGO;61.14610176837865;61.034666666666666;Forehand;1;1;Forehand
20230528_VIGO_11;20230528_VIGO;;5.013333333333334;;;4;Forehand
20230528_VIGO_12;20230528_VIGO;1.7749803304484657;1.7066666666666668;Serve;4;4;Serve
20230528_VIGO_12;20230528_VIGO;3.10029897718332;3.008;Backhand;2;2;Backhand
20230528_VIGO_12;20230528_VIGO;4.804280094413848;4.757333333333333;Smash;4;4;Smash
20230528_VIGO_12;20230528_VIGO;5.608937844217152;5.589333333333333;Forehand;1;1;Forehand
20230528_VIGO_12;20230528_VIGO;6.389929189614476;6.4;Forehand;4;4;Forehand
20230528_VIGO_12;20230528_VIGO;7.620582218725412;7.530666666666667;Forehand;1;1;Forehand
20230528_VIGO_12;20230528_VIGO;9.644059795436663;9.664;Smash;4;2;Smash
20230528_VIGO_12;20230528_VIGO;11.797702596380802;11.712;Backhand;1;1;Backhand
20230528_VIGO_12;20230528_VIGO;14.602171518489378;14.528;Forehand;4;4;Forehand
20230528_VIGO_12;20230528_VIGO;15.205664830841854;15.168;Backhand;1;2;Backhand
20230528_VIGO_12;20230528_VIGO;16.613815892997636;16.576;Forehand;4;4;Forehand
20230528_VIGO_12;20230528_VIGO;19.607616050354054;19.584;Smash;1;1;Forehand
20230528_VIGO_12;20230528_VIGO;20.116443745082613;20.138666666666666;Forehand;3;3;Forehand
20230528_VIGO_12;20230528_VIGO;21.252431156569628;21.184;Backhand;1;2;Forehand
20230528_VIGO_12;20230528_VIGO;22.660582218725413;22.634666666666668;Smash;3;3;Smash
20230528_VIGO_12;20230528_VIGO;24.15156569630212;24.128;Forehand;1;1;Forehand
20230528_VIGO_12;20230528_VIGO;24.979889850511405;25.045333333333332;Forehand;3;3;Forehand
20230528_VIGO_12;20230528_VIGO;26.305208497246262;;Backhand;2;;
20230528_VIGO_12;20230528_VIGO;27.192698662470498;27.2;Backhand;3;3;Forehand
20230528_VIGO_13;20230528_VIGO;0.5545658851298191;0.448;Smash;;3;Smash
20230528_VIGO_13;20230528_VIGO;2.6936057277734067;2.624;Other;;3;Smash
20230528_VIGO_13;20230528_VIGO;3.2362880582218727;3.1786666666666665;Other;;4;Backhand
20230528_VIGO_14;20230528_VIGO;0.3265124437450827;0.2986666666666667;Serve;1;1;Serve
20230528_VIGO_14;20230528_VIGO;1.2790264645948073;1.2373333333333334;Forehand;4;4;Forehand
20230528_VIGO_14;20230528_VIGO;2.7510935877262;2.7306666666666666;Smash;2;2;Smash
20230528_VIGO_14;20230528_VIGO;4.5571591337529505;4.522666666666667;Backhand;3;3;Backhand
20230528_VIGO_14;20230528_VIGO;6.623001230920535;6.634666666666667;Smash;2;2;Smash
20230528_VIGO_14;20230528_VIGO;8.231141785601888;8.234666666666667;Backhand;3;3;Backhand
20230528_VIGO_14;20230528_VIGO;11.274238527537374;11.264;Smash;1;1;Forehand
20230528_VIGO_14;20230528_VIGO;11.744310381982691;11.712;Backhand;3;3;Backhand
20230528_VIGO_14;20230528_VIGO;12.597861907159718;12.544;Forehand;1;1;Forehand
20230528_VIGO_14;20230528_VIGO;13.179266569236823;13.12;Backhand;4;4;Backhand
20230528_VIGO_14;20230528_VIGO;14.428668077104643;14.506666666666666;Smash;2;1;Smash
20230528_VIGO_14;20230528_VIGO;15.665699273013376;;Backhand;3;;
20230528_VIGO_14;20230528_VIGO;16.23473362313139;16.213333333333335;Forehand;2;2;Forehand
20230528_VIGO_14;20230528_VIGO;17.805763241935487;;Forehand;4;;
20230528_VIGO_14;20230528_VIGO;18.510871023603464;18.496;Forehand;2;2;Backhand
20230528_VIGO_14;20230528_VIGO;20.057160018489377;20.074666666666666;Forehand;3;3;Forehand
20230528_VIGO_14;20230528_VIGO;23.21158956805665;23.168;Forehand;1;1;Forehand
20230528_VIGO_14;20230528_VIGO;23.66929111054288;23.658666666666665;Forehand;3;4;Backhand
20230528_VIGO_14;20230528_VIGO;24.522842635719908;24.533333333333335;Forehand;2;2;Forehand
20230528_VIGO_14;20230528_VIGO;25.042395738001574;24.938666666666666;Backhand;4;4;Backhand
20230528_VIGO_14;20230528_VIGO;26.761869100314712;26.794666666666668;Other;2;2;Forehand
20230528_VIGO_15;20230528_VIGO;2.073781246262785;2.0693333333333332;Serve;1;1;Serve
20230528_VIGO_15;20230528_VIGO;3.206680260424862;3.2;Backhand;4;4;Backhand
20230528_VIGO_15;20230528_VIGO;5.357268219512195;5.269333333333333;Smash;1;1;Smash
20230528_VIGO_15;20230528_VIGO;6.758990728560189;6.72;Forehand;4;4;Forehand
20230528_VIGO_15;20230528_VIGO;9.447225677419354;9.429333333333334;Forehand;1;1;Forehand
20230528_VIGO_15;20230528_VIGO;9.984872667191187;9.962666666666667;Backhand;4;3;Forehand
20230528_VIGO_15;20230528_VIGO;10.71453643902439;10.752;Forehand;1;1;Forehand
20230528_VIGO_15;20230528_VIGO;13.364368031471283;13.376;Backhand;4;4;Backhand
20230528_VIGO_15;20230528_VIGO;15.399745921321792;15.402666666666667;Smash;1;1;Smash
20230528_VIGO_15;20230528_VIGO;16.609451648308415;16.554666666666666;Forehand;4;4;Forehand
20230528_VIGO_15;20230528_VIGO;18.27999765224233;18.304;Smash;1;1;Smash
20230528_VIGO_15;20230528_VIGO;20.98743427930763;20.992;Forehand;2;2;Forehand
20230528_VIGO_15;20230528_VIGO;21.832308120377654;21.824;Backhand;4;4;Backhand
20230528_VIGO_15;20230528_VIGO;23.13802223839496;23.168;Smash;1;1;Smash
20230528_VIGO_15;20230528_VIGO;25.269408519276162;25.024;Backhand;;3;Forehand
20230528_VIGO_15;20230528_VIGO;26.920752845003932;26.858666666666668;Smash;1;1;Smash
20230528_VIGO_15;20230528_VIGO;27.66961829504327;27.690666666666665;Backhand;3;3;Backhand
20230528_VIGO_15;20230528_VIGO;28.380080388670336;28.394666666666666;Backhand;1;1;Backhand
20230528_VIGO_15;20230528_VIGO;30.377054922108577;30.357333333333333;Smash;1;1;Backhand
20230528_VIGO_15;20230528_VIGO;31.56755897088906;;Other;4;;
20230528_VIGO_15;20230528_VIGO;32.642852950432726;32.66133333333333;Forehand;1;1;Forehand
20230528_VIGO_15;20230528_VIGO;33.48772679150275;33.472;Forehand;4;4;Forehand
20230528_VIGO_15;20230528_VIGO;34.17898720692368;34.176;Smash;2;2;Forehand
20230528_VIGO_15;20230528_VIGO;35.44629796852871;;Backhand;3;;
20230528_VIGO_15;20230528_VIGO;37.44327250196696;37.504;Smash;3;2;Backhand
20230528_VIGO_15;20230528_VIGO;37.884911100708095;37.909333333333336;Other;4;4;Backhand
20230528_VIGO_15;20230528_VIGO;38.59537319433517;38.63466666666667;Forehand;2;2;Forehand
20230528_VIGO_15;20230528_VIGO;40.265919198269074;;Other;3;;
20230528_VIGO_15;20230528_VIGO;40.93797793548387;40.93866666666667;Smash;1;1;Backhand
20230528_VIGO_15;20230528_VIGO;41.39881821243115;;Forehand;4;;
20230528_VIGO_15;20230528_VIGO;41.974868558615256;42.026666666666664;Forehand;2;2;Forehand
20230528_VIGO_15;20230528_VIGO;43.376591067663256;;Backhand;3;;
20230528_VIGO_15;20230528_VIGO;45.02793539339103;45.034666666666666;Smash;2;3;Smash
20230528_VIGO_15;20230528_VIGO;;23.765333333333334;;;3;Forehand
20230528_VIGO_16;20230528_VIGO;1.471848937844217;1.3653333333333333;Serve;;1;Forehand
20230528_VIGO_16;20230528_VIGO;2.7871974822974037;;Backhand;3;;
20230528_VIGO_16;20230528_VIGO;4.3820110149488585;4.330666666666667;Smash;2;2;Smash
20230528_VIGO_16;20230528_VIGO;5.991729346970889;;Other;4;;
20230604_BRUSSEL_00;20230604_BRUSSEL;0.6056165668764751;0.576;Serve;;3;Serve
20230604_BRUSSEL_00;20230604_BRUSSEL;1.6977120153422502;1.728;Backhand;;1;Backhand
20230604_BRUSSEL_00;20230604_BRUSSEL;5.023639062942565;5.013333333333334;Backhand;;4;Backhand
20230604_BRUSSEL_00;20230604_BRUSSEL;6.145518932730134;6.101333333333334;Smash;;4;Smash
20230604_BRUSSEL_00;20230604_BRUSSEL;7.1085485554681345;7.104;Forehand;;3;Forehand
20230604_BRUSSEL_00;20230604_BRUSSEL;9.75936205310779;9.792;Forehand;;2;Forehand
20230604_BRUSSEL_00;20230604_BRUSSEL;12.052762494885915;12.010666666666667;Smash;;3;Smash
20230604_BRUSSEL_00;20230604_BRUSSEL;13.154786083792288;13.141333333333334;Forehand;;4;Backhand
20230604_BRUSSEL_00;20230604_BRUSSEL;15.67653375570417;;Other;;;
20230604_BRUSSEL_00;20230604_BRUSSEL;16.728916642407555;16.72533333333333;Forehand;;3;Forehand
20230604_BRUSSEL_00;20230604_BRUSSEL;18.89325125845791;18.858666666666668;Smash;;4;Smash
20230604_BRUSSEL_00;20230604_BRUSSEL;20.501610009834778;20.501333333333335;Forehand;;2;Forehand
20230604_BRUSSEL_00;20230604_BRUSSEL;21.623489879622344;21.610666666666667;Smash;;4;Smash
20230604_BRUSSEL_00;20230604_BRUSSEL;23.19213606923682;23.14666666666667;Other;;3;Forehand
20230604_BRUSSEL_01;20230604_BRUSSEL;0.5718961447678993;0.5546666666666666;Serve;;4;Serve
20230604_BRUSSEL_01;20230604_BRUSSEL;1.6381431943351692;1.6213333333333333;Backhand;;2;Backhand
20230604_BRUSSEL_01;20230604_BRUSSEL;3.547694728560189;3.52;Smash;;4;Smash
20230604_BRUSSEL_01;20230604_BRUSSEL;4.681793863099921;4.650666666666667;Backhand;;2;Backhand
20230604_BRUSSEL_01;20230604_BRUSSEL;6.436254917387883;6.4;Smash;;3;Smash
20230604_BRUSSEL_01;20230604_BRUSSEL;7.580047206923682;7.573333333333333;Forehand;;2;Forehand
20230604_BRUSSEL_01;20230604_BRUSSEL;8.491203776553895;8.448;Backhand;;3;Backhand
20230604_BRUSSEL_01;20230604_BRUSSEL;9.945177025963808;9.92;Backhand;;1;Backhand
20230604_BRUSSEL_01;20230604_BRUSSEL;10.478300550747441;10.453333333333333;Forehand;;3;Forehand
20230604_BRUSSEL_01;20230604_BRUSSEL;10.914492525570417;10.901333333333334;Backhand;;2;Backhand
20230604_BRUSSEL_01;20230604_BRUSSEL;11.515468135326515;11.477333333333334;Backhand;;4;Backhand
20230604_BRUSSEL_01;20230604_BRUSSEL;12.048591660110151;12.032;Forehand;;2;Forehand
20230604_BRUSSEL_01;20230604_BRUSSEL;12.756191974822976;12.693333333333333;Forehand;;4;Backhand
20230604_BRUSSEL_01;20230604_BRUSSEL;13.143918174665618;13.12;Forehand;;1;Backhand
20230604_BRUSSEL_01;20230604_BRUSSEL;13.764280094413849;13.738666666666667;Backhand;;3;Backhand
20230604_BRUSSEL_01;20230604_BRUSSEL;16.129409913453973;16.128;Forehand;;3;Forehand
20230604_BRUSSEL_01;20230604_BRUSSEL;18.21343823760818;18.197333333333333;Smash;;4;Forehand
20230604_BRUSSEL_01;20230604_BRUSSEL;18.78533438237608;18.752;Forehand;;;
20230604_BRUSSEL_01;20230604_BRUSSEL;19.473548387096777;19.456;Smash;;4;Backhand
20230604_BRUSSEL_01;20230604_BRUSSEL;21.160157356412277;21.184;Forehand;;1;Forehand
20230604_BRUSSEL_01;20230604_BRUSSEL;21.683587726199846;21.674666666666667;Backhand;;4;Backhand
20230604_BRUSSEL_02;20230604_BRUSSEL;1.6858368615263573;1.6426666666666667;Serve;;2;Serve
20230604_BRUSSEL_02;20230604_BRUSSEL;2.582558596380803;2.56;Backhand;;3;Backhand
20230604_BRUSSEL_02;20230604_BRUSSEL;3.515149200629426;3.477333333333333;Forehand;;2;Forehand
20230604_BRUSSEL_02;20230604_BRUSSEL;4.680887455940205;4.608;Backhand;;4;Backhand
20230604_BRUSSEL_02;20230604_BRUSSEL;6.56400309913454;6.485333333333333;Smash;;2;Smash
20230604_BRUSSEL_02;20230604_BRUSSEL;7.693872485051141;7.68;Forehand;;3;Forehand
20230604_BRUSSEL_02;20230604_BRUSSEL;9.290037173092053;9.258666666666667;Smash;;1;Smash
20230604_BRUSSEL_02;20230604_BRUSSEL;11.944333508261213;11.904;Forehand;;2;Smash
20230604_BRUSSEL_02;20230604_BRUSSEL;13.12800619826908;;Backhand;;;
20230604_BRUSSEL_02;20230604_BRUSSEL;13.791580282061371;13.76;Forehand;;1;Forehand
20230604_BRUSSEL_02;20230604_BRUSSEL;15.029056276160505;;Backhand;;;
20230604_BRUSSEL_02;20230604_BRUSSEL;15.710564794649883;15.658666666666667;Forehand;;1;Backhand
20230604_BRUSSEL_02;20230604_BRUSSEL;16.176860096774195;16.170666666666666;Backhand;;3;Backhand
20230604_BRUSSEL_02;20230604_BRUSSEL;17.05564739693155;17.024;Backhand;;2;Smash
20230604_BRUSSEL_02;20230604_BRUSSEL;18.006172435877264;18.005333333333333;Forehand;;4;Forehand
20230604_BRUSSEL_02;20230604_BRUSSEL;18.50833660739575;;Other;;;
20230604_BRUSSEL_02;20230604_BRUSSEL;20.19417346892211;20.16;Smash;;2;Smash
20230604_BRUSSEL_02;20230604_BRUSSEL;21.126764073170733;21.077333333333332;Forehand;;4;Forehand
20230604_BRUSSEL_02;20230604_BRUSSEL;21.844141461054292;21.781333333333333;Forehand;;1;Backhand
20230604_BRUSSEL_02;20230604_BRUSSEL;23.583781626671914;23.552;Forehand;;3;Forehand
20230604_BRUSSEL_02;20230604_BRUSSEL;26.058733614870185;26.069333333333333;Smash;;2;Smash
20230604_BRUSSEL_02;20230604_BRUSSEL;28.067390300944137;27.968;Forehand;;3;Forehand
20230604_BRUSSEL_02;20230604_BRUSSEL;29.89670264004721;29.824;Smash;;1;Smash
20230604_BRUSSEL_02;20230604_BRUSSEL;31.080375330055077;31.061333333333334;Forehand;;3;Forehand
20230604_BRUSSEL_02;20230604_BRUSSEL;32.01296593430369;32.0;Forehand;;1;Forehand
20230604_BRUSSEL_02;20230604_BRUSSEL;33.232507493705754;33.17333333333333;Backhand;;4;Backhand
20230604_BRUSSEL_02;20230604_BRUSSEL;34.03955705507475;34.00533333333333;Backhand;;3;Backhand
20230604_BRUSSEL_02;20230604_BRUSSEL;35.22322974508262;35.178666666666665;Backhand;;4;Backhand
20230604_BRUSSEL_02;20230604_BRUSSEL;35.815066090086546;35.754666666666665;Backhand;;2;Backhand
20230604_BRUSSEL_02;20230604_BRUSSEL;37.267755300550746;37.184;Forehand;;3;Forehand
20230604_BRUSSEL_02;20230604_BRUSSEL;40.87257667466562;40.87466666666667;Backhand;;3;Backhand
20230604_BRUSSEL_02;20230604_BRUSSEL;42.14592153815893;42.090666666666664;Smash;;1;Forehand
20230604_BRUSSEL_02;20230604_BRUSSEL;42.881233360739586;;Other;;;
20230604_BRUSSEL_03;20230604_BRUSSEL;1.5607825700236033;1.536;Serve;;4;Serve
20230604_BRUSSEL_03;20230604_BRUSSEL;2.6700991073957514;2.6453333333333333;Backhand;;2;Backhand
20230604_BRUSSEL_03;20230604_BRUSSEL;5.933553571990559;5.930666666666666;Smash;;4;Smash
20230604_BRUSSEL_03;20230604_BRUSSEL;7.339547787962235;7.296;Smash;;1;Smash
20230604_BRUSSEL_03;20230604_BRUSSEL;8.165085676239181;8.149333333333333;Backhand;;4;Backhand
20230604_BRUSSEL_03;20230604_BRUSSEL;9.003522594020456;8.96;Backhand;;1;Backhand
20230604_BRUSSEL_03;20230604_BRUSSEL;10.731992547600314;10.688;Forehand;;3;Forehand
20230604_BRUSSEL_03;20230604_BRUSSEL;13.518182920535011;13.482666666666667;Forehand;;1;Backhand
20230604_BRUSSEL_03;20230604_BRUSSEL;17.387891771833203;17.322666666666667;Smash;;4;Smash
20230604_BRUSSEL_03;20230604_BRUSSEL;18.845482105822185;;Forehand;;;
20230604_BRUSSEL_03;20230604_BRUSSEL;19.580726787568842;19.541333333333334;Forehand;;4;Forehand
20230604_BRUSSEL_03;20230604_BRUSSEL;21.296297711644375;;Backhand;;;
20230604_BRUSSEL_03;20230604_BRUSSEL;22.792585134146343;22.784;Forehand;;4;Forehand
20230604_BRUSSEL_03;20230604_BRUSSEL;24.08248808457907;24.085333333333335;Forehand;;2;Forehand
20230604_BRUSSEL_03;20230604_BRUSSEL;26.778385250983476;;Other;;;
20230604_BRUSSEL_03;20230604_BRUSSEL;27.86190372934697;27.861333333333334;Smash;;4;Smash
20230604_BRUSSEL_03;20230604_BRUSSEL;29.31949406333596;29.312;Other;;2;Backhand
20230604_BRUSSEL_03;20230604_BRUSSEL;30.364315453186464;30.314666666666668;Smash;;4;Forehand
20230604_BRUSSEL_04;20230604_BRUSSEL;2.6606577498033044;2.6453333333333333;Serve;;4;Serve
20230604_BRUSSEL_04;20230604_BRUSSEL;3.8833548387096775;3.8613333333333335;Forehand;;1;Forehand
20230604_BRUSSEL_04;20230604_BRUSSEL;4.318187254130606;;Other;;;
20230604_BRUSSEL_04;20230604_BRUSSEL;6.234033044846578;6.1866666666666665;Smash;;3;Smash
20230604_BRUSSEL_04;20230604_BRUSSEL;7.999194335169158;8.0;Backhand;;3;Forehand
20230604_BRUSSEL_04;20230604_BRUSSEL;;6.677333333333333;;;1;Backhand
20230604_BRUSSEL_05;20230604_BRUSSEL;0.1803682140047207;0.14933333333333335;Serve;;4;Serve
20230604_BRUSSEL_05;20230604_BRUSSEL;1.2425365853658539;1.1733333333333333;Backhand;;3;Forehand
20230604_BRUSSEL_05;20230604_BRUSSEL;3.406955153422502;3.3493333333333335;Smash;;3;Smash
20230604_BRUSSEL_05;20230604_BRUSSEL;6.07239653815893;5.994666666666666;Smash;;3;Forehand
20230604_BRUSSEL_05;20230604_BRUSSEL;6.57341935483871;;Other;;;
20230604_BRUSSEL_05;20230604_BRUSSEL;7.314933123524784;;Forehand;;;
20230604_BRUSSEL_05;20230604_BRUSSEL;8.497346970889065;;Backhand;;;
20230604_BRUSSEL_05;20230604_BRUSSEL;9.619638080251772;9.557333333333334;Smash;;3;Smash
20230604_BRUSSEL_05;20230604_BRUSSEL;11.10266561762392;11.093333333333334;Forehand;;2;Forehand
20230604_BRUSSEL_05;20230604_BRUSSEL;13.006552321007081;12.970666666666666;Smash;;3;Smash
20230604_BRUSSEL_05;20230604_BRUSSEL;14.028638867033832;14.058666666666667;Forehand;;2;Forehand
20230604_BRUSSEL_05;20230604_BRUSSEL;14.910439024390246;14.826666666666666;Backhand;;3;Backhand
20230604_BRUSSEL_05;20230604_BRUSSEL;16.132934697088906;16.106666666666666;Forehand;;2;Forehand
20230604_BRUSSEL_05;20230604_BRUSSEL;16.874448465774982;16.746666666666666;Forehand;;3;Backhand
20230604_BRUSSEL_05;20230604_BRUSSEL;17.956657749803306;17.941333333333333;Forehand;;2;Forehand
20230604_BRUSSEL_05;20230604_BRUSSEL;19.600012588512982;19.477333333333334;Smash;;3;Smash
20230604_BRUSSEL_05;20230604_BRUSSEL;21.04295830055075;;Forehand;;;
20230604_BRUSSEL_05;20230604_BRUSSEL;22.32557671125099;;Other;;;
20230604_BRUSSEL_05;20230604_BRUSSEL;23.047049567269866;23.04;Smash;;4;Smash
20230604_BRUSSEL_05;20230604_BRUSSEL;24.249504327301338;24.213333333333335;Forehand;;1;Forehand
20230604_BRUSSEL_05;20230604_BRUSSEL;25.05114083398899;25.002666666666666;Forehand;;4;Forehand
20230604_BRUSSEL_05;20230604_BRUSSEL;26.51412745869394;26.496;Backhand;;1;Backhand
20230604_BRUSSEL_05;20230604_BRUSSEL;28.097359559402047;28.074666666666666;Backhand;;4;Backhand
20230604_BRUSSEL_05;20230604_BRUSSEL;29.37997797010228;29.248;Forehand;;1;Forehand
20230604_BRUSSEL_05;20230604_BRUSSEL;30.722719118804093;30.677333333333333;Smash;;3;Smash
20230604_BRUSSEL_05;20230604_BRUSSEL;32.48631943351692;;Forehand;;;
20230604_BRUSSEL_05;20230604_BRUSSEL;34.009428796223446;33.94133333333333;Smash;;4;Smash
20230604_BRUSSEL_05;20230604_BRUSSEL;35.47241542092841;;Backhand;;;
20230604_BRUSSEL_05;20230604_BRUSSEL;36.09368371361133;35.989333333333335;Backhand;;4;Forehand
20230604_BRUSSEL_05;20230604_BRUSSEL;37.19593391030685;37.16266666666667;Forehand;;2;Forehand
20230604_BRUSSEL_05;20230604_BRUSSEL;38.63887962234462;38.592;Smash;;4;Smash
20230604_BRUSSEL_05;20230604_BRUSSEL;39.640925255704175;39.59466666666667;Backhand;;2;Backhand
20230604_BRUSSEL_05;20230604_BRUSSEL;40.84338001573565;40.768;Smash;;4;Smash
20230604_BRUSSEL_05;20230604_BRUSSEL;41.6249756097561;41.55733333333333;Backhand;;1;Forehand
20230604_BRUSSEL_05;20230604_BRUSSEL;42.16608025177027;42.154666666666664;Backhand;;4;Backhand
20230604_BRUSSEL_05;20230604_BRUSSEL;43.08796223446106;43.072;Forehand;;1;Forehand
20230604_BRUSSEL_05;20230604_BRUSSEL;44.39062155782848;44.373333333333335;Smash;;4;Smash
20230604_BRUSSEL_05;20230604_BRUSSEL;45.55299449252557;45.44;Forehand;;1;Backhand
20230604_BRUSSEL_05;20230604_BRUSSEL;46.35463099921322;46.29333333333334;Forehand;;4;Forehand
20230604_BRUSSEL_05;20230604_BRUSSEL;47.196349331235254;47.104;Backhand;;2;Backhand
20230604_BRUSSEL_05;20230604_BRUSSEL;47.63724940991345;47.57333333333333;Forehand;;4;Forehand
20230604_BRUSSEL_05;20230604_BRUSSEL;48.35872226593234;48.29866666666667;Forehand;;2;Forehand
20230604_BRUSSEL_05;20230604_BRUSSEL;49.000031471282455;48.832;Other;;3;Backhand
20230604_BRUSSEL_06;20230604_BRUSSEL;1.2387852084972462;1.216;Other;;4;Serve
20230604_BRUSSEL_06;20230604_BRUSSEL;2.379254130605822;2.304;Other;;;
20230604_BRUSSEL_06;20230604_BRUSSEL;5.07312037765539;5.034666666666666;Other;;3;Smash
20230604_BRUSSEL_06;20230604_BRUSSEL;5.663018095987411;5.610666666666667;Other;;3;Backhand
20230604_BRUSSEL_06;20230604_BRUSSEL;6.33156884343037;6.293333333333333;Forehand;;1;Forehand
20230604_BRUSSEL_06;20230604_BRUSSEL;9.123751376868608;9.088;Smash;;3;Smash
20230604_BRUSSEL_06;20230604_BRUSSEL;11.30637293469709;;Forehand;;;
20230604_BRUSSEL_06;20230604_BRUSSEL;13.135055861526357;13.098666666666666;Smash;;3;Smash
20230604_BRUSSEL_06;20230604_BRUSSEL;13.52832100708104;13.504;Forehand;;1;Backhand
20230604_BRUSSEL_06;20230604_BRUSSEL;14.747442958300551;14.698666666666666;Backhand;;3;Backhand
20230604_BRUSSEL_06;20230604_BRUSSEL;16.104207710464202;16.064;Smash;;1;Smash
20230604_BRUSSEL_06;20230604_BRUSSEL;16.73343194335169;;Other;;;
20230604_BRUSSEL_06;20230604_BRUSSEL;17.893564122738006;17.92;Backhand;;3;Smash
20230604_BRUSSEL_06;20230604_BRUSSEL;19.23066561762392;;Forehand;;;
20230604_BRUSSEL_06;20230604_BRUSSEL;20.4891140833989;20.416;Smash;;1;Backhand
20230604_BRUSSEL_06;20230604_BRUSSEL;22.18015420928403;22.165333333333333;Forehand;;3;Forehand
20230604_BRUSSEL_06;20230604_BRUSSEL;22.907694728560188;22.826666666666668;Backhand;;1;Backhand
20230604_BRUSSEL_06;20230604_BRUSSEL;24.421765538945714;;Backhand;;;
20230604_BRUSSEL_06;20230604_BRUSSEL;25.798193548387097;25.728;Smash;;3;Backhand
20230604_BRUSSEL_06;20230604_BRUSSEL;27.233611329661684;27.477333333333334;Backhand;;3;Backhand
20230604_BRUSSEL_06;20230604_BRUSSEL;28.669029110936272;28.586666666666666;Smash;;1;Smash
20230604_BRUSSEL_06;20230604_BRUSSEL;30.340405979543668;30.314666666666668;Forehand;;3;Forehand
20230604_BRUSSEL_06;20230604_BRUSSEL;30.910640440597955;30.869333333333334;Backhand;;3;Backhand
20230604_BRUSSEL_06;20230604_BRUSSEL;32.40504799370575;32.384;Forehand;;3;Smash
20230604_BRUSSEL_06;20230604_BRUSSEL;33.15225177025964;33.152;Backhand;;1;Backhand
20230604_BRUSSEL_06;20230604_BRUSSEL;34.07642486231315;;Backhand;;;
20230604_BRUSSEL_06;20230604_BRUSSEL;34.56800629425649;34.538666666666664;Backhand;;1;Smash
20230604_BRUSSEL_06;20230604_BRUSSEL;35.03992446892211;34.986666666666665;Other;;3;Backhand
20230604_BRUSSEL_06;20230604_BRUSSEL;37.89109677419356;37.86666666666667;Forehand;;1;Smash
20230604_BRUSSEL_06;20230604_BRUSSEL;40.36866719118804;40.32;Smash;;3;Smash
20230604_BRUSSEL_06;20230604_BRUSSEL;41.961391030684496;41.984;Other;;3;Backhand
20230604_BRUSSEL_06;20230604_BRUSSEL;43.849063729346966;;Smash;;;
20230604_BRUSSEL_06;20230604_BRUSSEL;46.3462974036192;46.31466666666667;Smash;;1;Backhand
20230604_BRUSSEL_06;20230604_BRUSSEL;47.91935798583793;47.91466666666667;Smash;;1;Forehand
20230604_BRUSSEL_06;20230604_BRUSSEL;;11.050666666666666;;;3;Forehand
20230604_BRUSSEL_07;20230604_BRUSSEL;0.5246052915027537;0.448;Serve;;;
20230604_BRUSSEL_07;20230604_BRUSSEL;1.551492245082612;1.472;Forehand;;1;Forehand
20230604_BRUSSEL_07;20230604_BRUSSEL;5.469289209284028;5.482666666666667;Backhand;;;
20230604_BRUSSEL_07;20230604_BRUSSEL;8.337875590479937;8.32;Forehand;;2;Forehand
20230604_BRUSSEL_07;20230604_BRUSSEL;8.828995437844217;8.789333333333333;Backhand;;4;Backhand
20230604_BRUSSEL_07;20230604_BRUSSEL;9.565675208890637;9.557333333333334;Forehand;;2;Forehand
20230604_BRUSSEL_07;20230604_BRUSSEL;10.369325868214005;10.368;Forehand;;4;Forehand
20230604_BRUSSEL_07;20230604_BRUSSEL;11.195300156963022;11.178666666666667;Backhand;;4;Backhand
20230604_BRUSSEL_07;20230604_BRUSSEL;12.802601475609755;12.778666666666666;Forehand;;;
20230604_BRUSSEL_07;20230604_BRUSSEL;13.159779546420141;13.162666666666667;Other;;;
20230604_BRUSSEL_07;20230604_BRUSSEL;14.644300903225805;14.634666666666666;Backhand;;1;Backhand
20230604_BRUSSEL_07;20230604_BRUSSEL;15.425627933123522;15.36;Forehand;;;
20230604_BRUSSEL_07;20230604_BRUSSEL;17.669152690401255;17.642666666666667;Smash;;3;Backhand
20230604_BRUSSEL_07;20230604_BRUSSEL;19.01973227065303;;Forehand;;;
20230604_BRUSSEL_07;20230604_BRUSSEL;20.83910806884343;;Backhand;;;
20230604_BRUSSEL_07;20230604_BRUSSEL;22.100393131392604;22.101333333333333;Forehand;;3;Forehand
20230604_BRUSSEL_07;20230604_BRUSSEL;23.21657460267506;23.168;Smash;;;
20230604_BRUSSEL_08;20230604_BRUSSEL;1.3274586939417778;1.28;Serve;;4;Smash
20230604_BRUSSEL_08;20230604_BRUSSEL;2.4468292682926824;2.4106666666666667;Backhand;;1;Backhand
20230604_BRUSSEL_08;20230604_BRUSSEL;3.1428481510621555;3.0933333333333333;Forehand;;4;Backhand
20230604_BRUSSEL_08;20230604_BRUSSEL;4.226341463414634;;Backhand;;;
20230604_BRUSSEL_08;20230604_BRUSSEL;6.156538158929976;6.1226666666666665;Smash;;4;Smash
20230604_BRUSSEL_08;20230604_BRUSSEL;7.0749960660896924;7.061333333333334;Backhand;;1;Backhand
20230604_BRUSSEL_08;20230604_BRUSSEL;7.699260424862313;7.658666666666667;Forehand;;3;Forehand
20230604_BRUSSEL_08;20230604_BRUSSEL;9.737088906372934;9.706666666666667;Backhand;;1;Forehand
20230604_BRUSSEL_09;20230604_BRUSSEL;0.7036978855232101;0.6613333333333333;Serve;;3;Serve
20230604_BRUSSEL_09;20230604_BRUSSEL;2.401955449252557;;Backhand;;;
20230604_BRUSSEL_09;20230604_BRUSSEL;3.0118269500393393;3.008;Backhand;;3;Backhand
20230604_BRUSSEL_09;20230604_BRUSSEL;4.344161613296617;;Forehand;;;
20230604_BRUSSEL_09;20230604_BRUSSEL;6.06118445397325;6.016;Smash;;4;Smash
20230604_BRUSSEL_09;20230604_BRUSSEL;6.961917747442959;6.933333333333334;Backhand;;2;Backhand
20230604_BRUSSEL_09;20230604_BRUSSEL;7.53425869433517;7.509333333333333;Forehand;;3;Forehand
20230604_BRUSSEL_09;20230604_BRUSSEL;8.10659964122738;8.128;Forehand;;2;Forehand
20230604_BRUSSEL_09;20230604_BRUSSEL;8.594496841856806;8.576;Backhand;;3;Smash
20230604_BRUSSEL_09;20230604_BRUSSEL;9.00733293469709;9.024;Backhand;;2;Backhand
20230604_BRUSSEL_09;20230604_BRUSSEL;9.748561374114871;9.728;Forehand;;4;Backhand
20230604_BRUSSEL_09;20230604_BRUSSEL;10.105101636113297;9.962666666666667;Backhand;;2;Backhand
20230604_BRUSSEL_09;20230604_BRUSSEL;10.602381475216365;10.624;Forehand;;3;Forehand
20230604_BRUSSEL_09;20230604_BRUSSEL;11.080896037372149;11.050666666666666;Forehand;;1;Smash
20230604_BRUSSEL_09;20230604_BRUSSEL;11.437436299370574;11.434666666666667;Backhand;;1;Backhand
20230604_BRUSSEL_09;20230604_BRUSSEL;12.169282100314714;12.138666666666667;Smash;;1;Backhand
20230604_BRUSSEL_09;20230604_BRUSSEL;12.535205000786782;;Other;;;
20230604_BRUSSEL_09;20230604_BRUSSEL;13.417173017309207;13.44;Forehand;;3;Forehand
20230604_BRUSSEL_09;20230604_BRUSSEL;15.284318073564124;15.274666666666667;Smash;;1;Smash
20230604_BRUSSEL_09;20230604_BRUSSEL;16.30702566719119;16.32;Backhand;;3;Backhand
20230604_BRUSSEL_09;20230604_BRUSSEL;17.958370038552324;17.92;Smash;;2;Smash
20230604_BRUSSEL_09;20230604_BRUSSEL;18.746511670338318;18.752;Backhand;;3;Backhand
20230604_BRUSSEL_09;20230604_BRUSSEL;20.341560210857594;20.288;Smash;;1;Smash
20230604_BRUSSEL_09;20230604_BRUSSEL;21.66451223564123;21.653333333333332;Forehand;;4;Forehand
20230604_BRUSSEL_10;20230604_BRUSSEL;0.3566409693154996;0.3413333333333333;Serve;;4;Serve
20230604_BRUSSEL_10;20230604_BRUSSEL;1.2593884228953578;1.2373333333333334;Backhand;;1;Backhand
20230604_BRUSSEL_10;20230604_BRUSSEL;1.9949604221085757;1.984;Backhand;;3;Forehand
20230604_BRUSSEL_10;20230604_BRUSSEL;2.5410669063729348;2.538666666666667;Forehand;;1;Forehand
20230604_BRUSSEL_10;20230604_BRUSSEL;3.399234238788355;3.392;Backhand;;4;Forehand
20230604_BRUSSEL_10;20230604_BRUSSEL;3.7224401172305273;3.712;Backhand;;1;Forehand
20230604_BRUSSEL_10;20230604_BRUSSEL;4.335416783241541;4.330666666666667;Backhand;;3;Backhand
20230604_BRUSSEL_10;20230604_BRUSSEL;4.937248418961447;;Forehand;;;
20230604_BRUSSEL_10;20230604_BRUSSEL;6.374957326514555;6.357333333333333;Smash;;1;Smash
20230604_BRUSSEL_10;20230604_BRUSSEL;8.392207809205349;;Forehand;;;
20230604_BRUSSEL_10;20230604_BRUSSEL;9.829916716758458;9.813333333333333;Smash;;2;Backhand
20230604_BRUSSEL_10;20230604_BRUSSEL;10.665793988591659;10.666666666666666;Backhand;;1;Backhand
20230604_BRUSSEL_10;20230604_BRUSSEL;11.145030291109363;;Backhand;;;
20230604_BRUSSEL_10;20230604_BRUSSEL;13.128845682926828;13.141333333333334;Forehand;;3;Forehand
20230604_BRUSSEL_10;20230604_BRUSSEL;13.97586798505114;13.930666666666667;Smash;;1;Smash
20230604_BRUSSEL_10;20230604_BRUSSEL;16.550369982297404;;Other;;;
20230604_BRUSSEL_10;20230604_BRUSSEL;20.306245190401256;20.309333333333335;Forehand;;4;Backhand
20230604_BRUSSEL_10;20230604_BRUSSEL;21.911129552321007;;Backhand;;;
20230604_BRUSSEL_10;20230604_BRUSSEL;22.646701551534225;22.677333333333333;Backhand;;1;Smash
20230604_BRUSSEL_10;20230604_BRUSSEL;23.79463967151849;;Backhand;;;
20230604_BRUSSEL_10;20230604_BRUSSEL;24.374181246656175;24.341333333333335;Forehand;;4;Forehand
20230604_BRUSSEL_10;20230604_BRUSSEL;24.920287730920535;24.981333333333332;Forehand;;4;Backhand
20230604_BRUSSEL_10;20230604_BRUSSEL;26.658912456333596;;Other;;;
20230604_BRUSSEL_10;20230604_BRUSSEL;26.948683243902437;26.922666666666668;Other;;4;Forehand
20230604_BRUSSEL_11;20230604_BRUSSEL;0.2405664830841857;0.23466666666666666;Serve;;1;Serve
20230604_BRUSSEL_11;20230604_BRUSSEL;1.3693784421715185;1.3226666666666667;Forehand;;4;Forehand
20230604_BRUSSEL_11;20230604_BRUSSEL;2.097246262785209;2.048;Forehand;;1;Forehand
20230604_BRUSSEL_11;20230604_BRUSSEL;3.47279307631786;3.456;Backhand;;4;Backhand
20230604_BRUSSEL_11;20230604_BRUSSEL;6.569315499606608;6.570666666666667;Backhand;;2;Backhand
20230604_BRUSSEL_11;20230604_BRUSSEL;7.907852084972462;7.872;Smash;;3;Smash
20230604_BRUSSEL_11;20230604_BRUSSEL;9.560975609756097;9.514666666666667;Other;;2;Forehand
20230604_BRUSSEL_11;20230604_BRUSSEL;11.115405192761605;11.093333333333334;Smash;;3;Smash
20230604_BRUSSEL_11;20230604_BRUSSEL;12.78703383162864;12.821333333333333;Smash;;4;Backhand
20230702_VALLADOLID_00;20230702_VALLADOLID;1.4042738001573565;1.344;Serve;;3;Serve
20230702_VALLADOLID_00;20230702_VALLADOLID;2.4363304484657755;2.453333333333333;Backhand;;2;Backhand
20230702_VALLADOLID_00;20230702_VALLADOLID;3.299197482297404;3.2213333333333334;Forehand;;4;Backhand
20230702_VALLADOLID_00;20230702_VALLADOLID;4.635795436664044;4.629333333333333;Backhand;;2;Backhand
20230702_VALLADOLID_00;20230702_VALLADOLID;5.989312352478365;5.930666666666666;Smash;;4;Smash
20230702_VALLADOLID_00;20230702_VALLADOLID;6.429205350118018;6.4;Backhand;;1;Backhand
20230702_VALLADOLID_00;20230702_VALLADOLID;7.122882769472857;7.104;Forehand;;4;Forehand
20230702_VALLADOLID_00;20230702_VALLADOLID;8.374885916601102;8.341333333333333;Forehand;;2;Forehand
20230702_VALLADOLID_00;20230702_VALLADOLID;10.066782061369;10.090666666666667;Smash;;3;Smash
20230702_VALLADOLID_00;20230702_VALLADOLID;10.777378442171521;10.794666666666666;Forehand;;2;Forehand
20230702_VALLADOLID_00;20230702_VALLADOLID;11.521812745869394;11.498666666666667;Smash;;3;Smash
20230702_VALLADOLID_00;20230702_VALLADOLID;12.570788355625492;12.565333333333333;Forehand;;2;Backhand
20230702_VALLADOLID_00;20230702_VALLADOLID;13.416736428009443;13.397333333333334;Backhand;;3;Backhand
20230702_VALLADOLID_00;20230702_VALLADOLID;14.195008654602676;14.250666666666667;Forehand;;1;Forehand
20230702_VALLADOLID_00;20230702_VALLADOLID;16.225284028324154;16.149333333333335;Smash;;3;Smash
20230702_VALLADOLID_00;20230702_VALLADOLID;17.392692368214007;17.344;Backhand;;1;Backhand
20230702_VALLADOLID_00;20230702_VALLADOLID;19.52448151062156;19.541333333333334;Smash;;2;Smash
20230702_VALLADOLID_00;20230702_VALLADOLID;20.455024390243903;20.458666666666666;Forehand;;1;Forehand
20230702_VALLADOLID_00;20230702_VALLADOLID;21.334810385523213;21.290666666666667;Forehand;;4;Forehand
20230702_VALLADOLID_00;20230702_VALLADOLID;23.060544453186466;23.04;Forehand;;1;Forehand
20230702_VALLADOLID_00;20230702_VALLADOLID;25.023143981117233;25.024;Forehand;;4;Forehand
20230702_VALLADOLID_00;20230702_VALLADOLID;27.07033831628639;;Other;;;
20230702_VALLADOLID_00;20230702_VALLADOLID;27.696339889850513;27.712;Smash;;1;Smash
20230702_VALLADOLID_00;20230702_VALLADOLID;30.234184107002363;30.208;Backhand;;2;Backhand
20230702_VALLADOLID_00;20230702_VALLADOLID;31.164726986624707;31.125333333333334;Forehand;;4;Forehand
20230702_VALLADOLID_00;20230702_VALLADOLID;33.21192132179387;33.19466666666667;Smash;;2;Smash
20230702_VALLADOLID_00;20230702_VALLADOLID;34.97149331235248;34.922666666666665;Backhand;;4;Backhand
20230702_VALLADOLID_00;20230702_VALLADOLID;37.357066876475216;;Other;;;
20230702_VALLADOLID_00;20230702_VALLADOLID;38.13533910306845;38.12266666666667;Smash;;2;Smash
20230702_VALLADOLID_00;20230702_VALLADOLID;38.77825963808026;;Other;;;
20230702_VALLADOLID_00;20230702_VALLADOLID;39.877992132179386;;Forehand;;;
20230702_VALLADOLID_00;20230702_VALLADOLID;40.402479937057436;40.34133333333333;Forehand;;1;Forehand
20230702_VALLADOLID_00;20230702_VALLADOLID;;29.76;;;4;Forehand
20230702_VALLADOLID_01;20230702_VALLADOLID;1.3532903709677417;1.344;Serve;;3;Serve
20230702_VALLADOLID_01;20230702_VALLADOLID;2.4241868162863884;2.432;Backhand;;2;Backhand
20230702_VALLADOLID_01;20230702_VALLADOLID;4.2762508741148695;4.266666666666667;Smash;;3;Smash
20230702_VALLADOLID_01;20230702_VALLADOLID;6.0696356746656175;6.101333333333334;Other;;4;Backhand
20230702_VALLADOLID_02;20230702_VALLADOLID;1.9848980019669553;1.984;Serve;;3;Serve
20230702_VALLADOLID_02;20230702_VALLADOLID;3.2026268375295044;3.1573333333333333;Forehand;;2;Forehand
20230702_VALLADOLID_02;20230702_VALLADOLID;5.443247894964595;;Other;;;
20230702_VALLADOLID_02;20230702_VALLADOLID;6.466140116837137;6.442666666666667;Forehand;;4;Forehand
20230702_VALLADOLID_02;20230702_VALLADOLID;7.890882854445319;7.872;Smash;;1;Smash
20230702_VALLADOLID_02;20230702_VALLADOLID;9.084257113296616;9.088;Forehand;;4;Forehand
20230702_VALLADOLID_02;20230702_VALLADOLID;10.594240869394177;10.581333333333333;Smash;;1;Smash
20230702_VALLADOLID_02;20230702_VALLADOLID;11.665842244689221;11.690666666666667;Forehand;;4;Forehand
20230702_VALLADOLID_02;20230702_VALLADOLID;12.493897852871754;12.501333333333333;Forehand;;1;Forehand
20230702_VALLADOLID_02;20230702_VALLADOLID;13.845576860346185;13.824;Backhand;;4;Backhand
20230702_VALLADOLID_02;20230702_VALLADOLID;17.157799293076316;17.173333333333332;Smash;;2;Smash
20230702_VALLADOLID_02;20230702_VALLADOLID;17.64489082730134;17.664;Forehand;;4;Forehand
20230702_VALLADOLID_02;20230702_VALLADOLID;19.520193234067662;19.498666666666665;Backhand;;2;Backhand
20230702_VALLADOLID_02;20230702_VALLADOLID;20.384780707317073;20.330666666666666;Forehand;;3;Forehand
20230702_VALLADOLID_02;20230702_VALLADOLID;22.077423788749016;;Forehand;;;
20230702_VALLADOLID_02;20230702_VALLADOLID;22.479274304484658;;Forehand;;;
20230702_VALLADOLID_03;20230702_VALLADOLID;0.7666404405979543;0.7466666666666667;Serve;;3;Serve
20230702_VALLADOLID_03;20230702_VALLADOLID;1.6537529504327302;1.6426666666666667;Forehand;;1;Forehand
20230702_VALLADOLID_03;20230702_VALLADOLID;2.5846734854445317;2.517333333333333;Backhand;;3;Backhand
20230702_VALLADOLID_03;20230702_VALLADOLID;3.4717859952793075;3.456;Backhand;;2;Backhand
20230702_VALLADOLID_03;20230702_VALLADOLID;4.862690794649882;4.8;Smash;;4;Smash
20230702_VALLADOLID_03;20230702_VALLADOLID;5.684091266719118;5.653333333333333;Forehand;;1;Forehand
20230702_VALLADOLID_03;20230702_VALLADOLID;6.42882769472856;6.421333333333333;Backhand;;4;Backhand
20230702_VALLADOLID_03;20230702_VALLADOLID;7.315940204563336;7.274666666666667;Backhand;;2;Backhand
20230702_VALLADOLID_03;20230702_VALLADOLID;9.188733280881195;9.152;Smash;;4;Smash
20230702_VALLADOLID_03;20230702_VALLADOLID;10.338693941778129;10.304;Backhand;;1;Backhand
20230702_VALLADOLID_03;20230702_VALLADOLID;11.26961447678993;11.242666666666667;Forehand;;4;Forehand
20230702_VALLADOLID_03;20230702_VALLADOLID;12.7371833202203;12.714666666666666;Forehand;;2;Forehand
20230702_VALLADOLID_03;20230702_VALLADOLID;15.92421715184894;15.872;Backhand;;3;Backhand
20230702_VALLADOLID_03;20230702_VALLADOLID;16.690857592446893;16.682666666666666;Forehand;;1;Forehand
20230702_VALLADOLID_03;20230702_VALLADOLID;17.5451140833989;17.514666666666667;Backhand;;2;Forehand
20230702_VALLADOLID_03;20230702_VALLADOLID;20.25025963808025;20.202666666666666;Forehand;;2;Forehand
20230702_VALLADOLID_03;20230702_VALLADOLID;22.758269079464988;22.698666666666668;Smash;;3;Smash
20230702_VALLADOLID_04;20230702_VALLADOLID;1.1648822120377655;1.1093333333333333;Serve;;4;Serve
20230702_VALLADOLID_04;20230702_VALLADOLID;2.1951764394177813;2.1333333333333333;Forehand;;2;Forehand
20230702_VALLADOLID_04;20230702_VALLADOLID;2.8588344327301334;2.7946666666666666;Backhand;;4;Backhand
20230702_VALLADOLID_04;20230702_VALLADOLID;4.362507088906373;4.309333333333333;Backhand;;1;Backhand
20230702_VALLADOLID_04;20230702_VALLADOLID;6.678348618017308;6.634666666666667;Backhand;;2;Forehand
20230702_VALLADOLID_04;20230702_VALLADOLID;7.458030736034619;7.424;Backhand;;1;Backhand
20230702_VALLADOLID_04;20230702_VALLADOLID;8.827115407553109;8.768;Smash;;1;Forehand
20230702_VALLADOLID_04;20230702_VALLADOLID;9.281929976396539;9.152;Backhand;;3;Backhand
20230702_VALLADOLID_05;20230702_VALLADOLID;1.1546016341463414;1.1306666666666667;Serve;;2;Serve
20230702_VALLADOLID_05;20230702_VALLADOLID;2.2347128402832417;2.112;Backhand;;3;Backhand
20230702_VALLADOLID_05;20230702_VALLADOLID;3.1472205833988984;3.072;Backhand;;1;Smash
20230702_VALLADOLID_05;20230702_VALLADOLID;3.8735022564909523;3.8826666666666667;Forehand;;3;Forehand
20230702_VALLADOLID_05;20230702_VALLADOLID;4.432180466561762;4.373333333333333;Forehand;;1;Forehand
20230702_VALLADOLID_05;20230702_VALLADOLID;4.916368248623131;4.928;Backhand;;4;Backhand
20230702_VALLADOLID_05;20230702_VALLADOLID;5.288820388670338;5.269333333333333;Backhand;;1;Forehand
20230702_VALLADOLID_05;20230702_VALLADOLID;5.754385563729347;5.674666666666667;Backhand;;3;Backhand
20230702_VALLADOLID_05;20230702_VALLADOLID;7.858740154996067;7.808;Backhand;;1;Backhand
20230702_VALLADOLID_05;20230702_VALLADOLID;11.154941594413849;11.136;Smash;;2;Smash
20230702_VALLADOLID_05;20230702_VALLADOLID;11.713619804484658;11.669333333333332;Backhand;;1;Forehand
20230702_VALLADOLID_05;20230702_VALLADOLID;13.42689964870181;13.354666666666667;Forehand;;4;Forehand
20230702_VALLADOLID_05;20230702_VALLADOLID;13.96695525177026;13.845333333333333;Forehand;;2;Forehand
20230702_VALLADOLID_05;20230702_VALLADOLID;14.935330815893;14.912;Forehand;;3;Forehand
20230702_VALLADOLID_05;20230702_VALLADOLID;16.332026341070026;;Backhand;;;
20230702_VALLADOLID_05;20230702_VALLADOLID;17.13279844217152;17.024;Backhand;;3;Backhand
20230702_VALLADOLID_05;20230702_VALLADOLID;18.75296525137687;18.624;Forehand;;1;Forehand
20230702_VALLADOLID_05;20230702_VALLADOLID;22.254015367820614;22.229333333333333;Smash;;2;Backhand
20230702_VALLADOLID_05;20230702_VALLADOLID;23.501730036978756;;Backhand;;;
20230702_VALLADOLID_05;20230702_VALLADOLID;24.246634317073173;24.234666666666666;Backhand;;3;Forehand
20230702_VALLADOLID_05;20230702_VALLADOLID;24.7494447061369;24.682666666666666;Backhand;;1;Forehand
20230702_VALLADOLID_05;20230702_VALLADOLID;25.401235951219512;25.322666666666667;Backhand;;4;Backhand
20230702_VALLADOLID_05;20230702_VALLADOLID;26.630328013375298;26.602666666666668;Backhand;;2;Backhand
20230702_VALLADOLID_05;20230702_VALLADOLID;27.31936447246263;27.264;Forehand;;3;Forehand
20230702_VALLADOLID_05;20230702_VALLADOLID;27.859420075531077;27.797333333333334;Backhand;;1;Forehand
20230702_VALLADOLID_05;20230702_VALLADOLID;29.051266923682142;29.013333333333332;Smash;;3;Smash
20230702_VALLADOLID_05;20230702_VALLADOLID;30.894905016915814;30.784;Smash;;3;Backhand
20230702_VALLADOLID_05;20230702_VALLADOLID;34.060748207317076;;Backhand;;;
20230702_VALLADOLID_05;20230702_VALLADOLID;37.48730789575138;;Other;;;
20230702_VALLADOLID_05;20230702_VALLADOLID;38.902626027930765;38.82666666666667;Smash;;1;Backhand
20230702_VALLADOLID_05;20230702_VALLADOLID;40.243453732100704;40.21333333333333;Forehand;;2;Backhand
20230702_VALLADOLID_05;20230702_VALLADOLID;40.9511127981904;40.85333333333333;Backhand;;4;Backhand
20230702_VALLADOLID_05;20230702_VALLADOLID;42.04984661132966;41.984;Forehand;;2;Forehand
20230702_VALLADOLID_05;20230702_VALLADOLID;42.60852482140048;42.56;Backhand;;3;Backhand
20230702_VALLADOLID_05;20230702_VALLADOLID;43.35342910149488;43.306666666666665;Forehand;;2;Forehand
20230702_VALLADOLID_05;20230702_VALLADOLID;44.21006902360347;44.16;Forehand;;2;Backhand
20230702_VALLADOLID_05;20230702_VALLADOLID;44.8991054826908;;Other;;;
20230709_VALENCIA_00;20230709_VALENCIA;0.2963168127458694;0.23466666666666666;Serve;;4;Serve
20230709_VALENCIA_00;20230709_VALENCIA;1.6509079567269866;1.5786666666666667;Forehand;;1;Forehand
20230709_VALENCIA_00;20230709_VALENCIA;3.9579459988198273;3.8613333333333335;Smash;;3;Smash
20230709_VALENCIA_00;20230709_VALENCIA;4.804565463808025;4.736;Forehand;;2;Forehand
20230709_VALENCIA_00;20230709_VALENCIA;5.735846875295043;5.696;Backhand;;3;Forehand
20230709_VALENCIA_00;20230709_VALENCIA;6.603631826907947;6.485333333333333;Backhand;;1;Backhand
20230709_VALENCIA_00;20230709_VALENCIA;9.27048314162077;9.173333333333334;Forehand;;3;Forehand
20230709_VALENCIA_00;20230709_VALENCIA;10.879060125098349;10.773333333333333;Smash;;2;Smash
20230709_VALENCIA_00;20230709_VALENCIA;12.148989322580647;11.989333333333333;Forehand;;3;Forehand
20230709_VALENCIA_00;20230709_VALENCIA;13.122601707317074;13.034666666666666;Forehand;;2;Forehand
20230709_VALENCIA_00;20230709_VALENCIA;14.117379578678207;13.994666666666667;Forehand;;3;Forehand
20230709_VALENCIA_00;20230709_VALENCIA;15.852949481904012;15.808;Smash;;2;Smash
20230709_VALENCIA_00;20230709_VALENCIA;17.419195492132182;17.344;Backhand;;3;Backhand
20230709_VALENCIA_00;20230709_VALENCIA;18.75262114948859;18.666666666666668;Smash;;2;Smash
20230709_VALENCIA_00;20230709_VALENCIA;20.0648813202203;19.968;Forehand;;3;Forehand
20230709_VALENCIA_00;20230709_VALENCIA;21.652292817073167;21.568;Smash;;2;Smash
20230709_VALENCIA_00;20230709_VALENCIA;23.028049447678995;22.954666666666668;Backhand;;3;Backhand
20230709_VALENCIA_00;20230709_VALENCIA;25.694900762391818;;Forehand;;;
20230709_VALENCIA_00;20230709_VALENCIA;27.218815799370574;27.093333333333334;Smash;;3;Smash
20230709_VALENCIA_00;20230709_VALENCIA;28.023104291109362;27.946666666666665;Forehand;;2;Forehand
20230709_VALENCIA_00;20230709_VALENCIA;29.144875082218725;29.098666666666666;Backhand;;3;Forehand
20230709_VALENCIA_00;20230709_VALENCIA;30.901610472069237;30.784;Smash;;2;Smash
20230709_VALENCIA_00;20230709_VALENCIA;32.425525509047986;32.36266666666667;Forehand;;3;Forehand
20230709_VALENCIA_00;20230709_VALENCIA;33.335641433910304;33.32266666666667;Backhand;;2;Backhand
20230709_VALENCIA_00;20230709_VALENCIA;34.26692284539732;34.176;Forehand;;3;Forehand
20230709_VALENCIA_00;20230709_VALENCIA;34.60557063139261;34.51733333333333;Other;;2;Smash
20230709_VALENCIA_00;20230709_VALENCIA;35.51568655625492;35.370666666666665;Smash;;2;Smash
20230709_VALENCIA_00;20230709_VALENCIA;37.06076707985838;37.013333333333335;Backhand;;3;Backhand
20230709_VALENCIA_00;20230709_VALENCIA;37.48407681235248;37.48266666666667;Forehand;;1;Forehand
20230709_VALENCIA_00;20230709_VALENCIA;38.0132139779701;37.99466666666667;Forehand;;1;Backhand
20230709_VALENCIA_00;20230709_VALENCIA;38.859833442958305;38.82666666666667;Smash;;2;Smash
20230709_VALENCIA_00;20230709_VALENCIA;40.5742378595594;40.53333333333333;Forehand;;3;Forehand
20230709_VALENCIA_00;20230709_VALENCIA;42.66962103540519;42.602666666666664;Smash;;2;Smash
20230709_VALENCIA_00;20230709_VALENCIA;43.85488828638867;43.797333333333334;Forehand;;3;Forehand
20230709_VALENCIA_00;20230709_VALENCIA;46.0984298686074;46.05866666666667;Smash;;1;Smash
20230709_VALENCIA_00;20230709_VALENCIA;47.49535198583792;47.488;Forehand;;2;Forehand
20230709_VALENCIA_00;20230709_VALENCIA;48.06682012470496;47.97866666666667;Forehand;;2;Backhand
20230709_VALENCIA_00;20230709_VALENCIA;48.63828826357199;48.576;Backhand;;3;Backhand
20230709_VALENCIA_00;20230709_VALENCIA;50.33152719354839;50.24;Forehand;;1;Forehand
20230709_VALENCIA_00;20230709_VALENCIA;51.62262187765539;;Backhand;;;
20230709_VALENCIA_01;20230709_VALENCIA;0.5568906372934697;0.4693333333333333;Serve;;1;Serve
20230709_VALENCIA_01;20230709_VALENCIA;1.945302911093627;1.8133333333333332;Backhand;;4;Forehand
20230709_VALENCIA_01;20230709_VALENCIA;4.0813217938631;3.9466666666666668;Smash;;2;Smash
20230709_VALENCIA_01;20230709_VALENCIA;6.255483870967742;6.1866666666666665;Other;;3;Forehand
20230709_VALENCIA_01;20230709_VALENCIA;7.613381589299763;7.530666666666667;Smash;;2;Smash
20230709_VALENCIA_01;20230709_VALENCIA;8.81870653029111;8.768;Forehand;;4;Forehand
20230709_VALENCIA_01;20230709_VALENCIA;11.961705743509047;11.882666666666667;Backhand;;1;Smash
20230709_VALENCIA_01;20230709_VALENCIA;12.465195908733282;12.352;Backhand;;3;Backhand
20230709_VALENCIA_01;20230709_VALENCIA;13.762064516129033;13.717333333333332;Forehand;;2;Forehand
20230709_VALENCIA_01;20230709_VALENCIA;15.90571203776554;15.786666666666667;Smash;;3;Smash
20230709_VALENCIA_02;20230709_VALENCIA;0.8205696219512195;0.7893333333333333;Serve;;4;Serve
20230709_VALENCIA_02;20230709_VALENCIA;1.901637536585366;1.8773333333333333;Forehand;;2;Forehand
20230709_VALENCIA_02;20230709_VALENCIA;2.7743068170731706;2.752;Backhand;;4;Backhand
20230709_VALENCIA_02;20230709_VALENCIA;3.777225243902439;3.776;Forehand;;2;Forehand
20230709_VALENCIA_02;20230709_VALENCIA;5.222990768292682;5.184;Smash;;2;Smash
20230709_VALENCIA_02;20230709_VALENCIA;6.095660048780488;6.08;Forehand;;1;Forehand
20230709_VALENCIA_02;20230709_VALENCIA;7.176727963414635;7.1466666666666665;Forehand;;4;Forehand
20230709_VALENCIA_02;20230709_VALENCIA;8.010322500000001;7.957333333333334;Backhand;;1;Backhand
20230709_VALENCIA_02;20230709_VALENCIA;9.286764134146342;9.28;Forehand;;4;Forehand
20230709_VALENCIA_02;20230709_VALENCIA;11.448899963414632;11.434666666666667;Smash;;1;Smash
20230709_VALENCIA_02;20230709_VALENCIA;13.050964463414635;13.034666666666666;Forehand;;2;Forehand
20230709_VALENCIA_02;20230709_VALENCIA;15.082851146341461;15.061333333333334;Smash;;1;Smash
20230709_VALENCIA_02;20230709_VALENCIA;15.903420768292683;;Other;;;
20230709_VALENCIA_02;20230709_VALENCIA;16.398367524390242;16.341333333333335;Backhand;;4;Backhand
20230709_VALENCIA_02;20230709_VALENCIA;17.7920333902439;17.749333333333333;Backhand;;2;Smash
20230709_VALENCIA_02;20230709_VALENCIA;18.44327912195122;18.368;Forehand;;4;Forehand
20230709_VALENCIA_02;20230709_VALENCIA;19.96719413414634;19.968;Forehand;;2;Forehand
20230709_VALENCIA_02;20230709_VALENCIA;20.931037817073168;20.906666666666666;Backhand;;1;Smash
20230709_VALENCIA_02;20230709_VALENCIA;22.402853170731706;22.4;Backhand;;2;Backhand
20230709_VALENCIA_02;20230709_VALENCIA;23.119223475609758;23.082666666666668;Forehand;;4;Forehand
20230709_VALENCIA_02;20230709_VALENCIA;24.682213231707316;24.661333333333335;Forehand;;1;Forehand
20230709_VALENCIA_02;20230709_VALENCIA;25.75025623170732;25.728;Forehand;;4;Forehand
20230709_VALENCIA_02;20230709_VALENCIA;26.59687568292683;26.581333333333333;Forehand;;2;Forehand
20230709_VALENCIA_02;20230709_VALENCIA;28.029616292682924;27.989333333333335;Smash;;3;Smash
20230709_VALENCIA_03;20230709_VALENCIA;0.6340750114083399;0.5973333333333334;Serve;;3;Serve
20230709_VALENCIA_03;20230709_VALENCIA;1.5594817848151061;1.536;Backhand;;2;Backhand
20230709_VALENCIA_03;20230709_VALENCIA;3.2731980318646734;3.2426666666666666;Smash;;2;Smash
20230709_VALENCIA_03;20230709_VALENCIA;5.261108878442172;5.226666666666667;Backhand;;1;Backhand
20230709_VALENCIA_03;20230709_VALENCIA;6.546396063729347;6.506666666666667;Forehand;;4;Backhand
20230709_VALENCIA_03;20230709_VALENCIA;7.231882562549174;7.232;Forehand;;1;Forehand
20230709_VALENCIA_03;20230709_VALENCIA;8.465758260424863;8.448;Backhand;;4;Backhand
20230709_VALENCIA_03;20230709_VALENCIA;9.596810983477576;9.557333333333334;Backhand;;1;Smash
20230709_VALENCIA_03;20230709_VALENCIA;10.470806269472856;10.410666666666666;Forehand;;4;Forehand
20230709_VALENCIA_03;20230709_VALENCIA;11.276252905586151;11.242666666666667;Forehand;;1;Forehand
20230709_VALENCIA_03;20230709_VALENCIA;11.51617318017309;11.498666666666667;Backhand;;3;Backhand
20230709_VALENCIA_03;20230709_VALENCIA;11.99601372934697;11.925333333333333;Forehand;;3;Backhand
20230709_VALENCIA_03;20230709_VALENCIA;13.058517802517702;13.056;Forehand;;3;Forehand
20230709_VALENCIA_03;20230709_VALENCIA;14.840782699449251;14.805333333333333;Smash;;1;Smash
20230709_VALENCIA_03;20230709_VALENCIA;16.777282058615263;16.768;Forehand;;4;Forehand
20230709_VALENCIA_03;20230709_VALENCIA;20.735966589299764;20.69333333333333;Forehand;;3;Backhand
20230709_VALENCIA_03;20230709_VALENCIA;22.072665261998424;22.058666666666667;Backhand;;2;Backhand
20230709_VALENCIA_03;20230709_VALENCIA;24.060576108575923;24.042666666666666;Smash;;1;Smash
20230709_VALENCIA_03;20230709_VALENCIA;26.44264169197482;26.432;Other;;4;Smash
20230709_VALENCIA_03;20230709_VALENCIA;28.37914105114083;28.373333333333335;Smash;;1;Smash
20230709_VALENCIA_03;20230709_VALENCIA;32.68056883123525;32.66133333333333;Smash;;1;Forehand
20230709_VALENCIA_03;20230709_VALENCIA;33.16040938040912;33.10933333333333;Backhand;;3;Backhand
20230709_VALENCIA_03;20230709_VALENCIA;33.86303304169945;33.856;Forehand;;4;Forehand
20230709_VALENCIA_03;20230709_VALENCIA;34.17150196616837;;Forehand;;;
20230709_VALENCIA_03;20230709_VALENCIA;34.58279386546027;34.602666666666664;Backhand;;4;Backhand
20230709_VALENCIA_03;20230709_VALENCIA;35.28541752675059;35.242666666666665;Forehand;;4;Backhand
20230709_VALENCIA_03;20230709_VALENCIA;35.6281607761605;35.626666666666665;Other;;4;Smash
20230709_VALENCIA_03;20230709_VALENCIA;36.72493917427222;36.693333333333335;Smash;;4;Smash
20230709_VALENCIA_03;20230709_VALENCIA;38.661438533438236;;Forehand;;;
20230709_VALENCIA_03;20230709_VALENCIA;38.88422164555468;38.93333333333333;Other;;3;Forehand
20230806_MALAGA_00;20230806_MALAGA;0.41290322580645167;0.384;Serve;;3;Serve
20230806_MALAGA_00;20230806_MALAGA;1.4703383162863886;1.3866666666666667;Forehand;;1;Forehand
20230806_MALAGA_00;20230806_MALAGA;2.2256490952006294;2.176;Forehand;;3;Forehand
20230806_MALAGA_00;20230806_MALAGA;3.5852084972462626;3.541333333333333;Forehand;;2;Forehand
20230806_MALAGA_00;20230806_MALAGA;4.280094413847364;4.245333333333333;Backhand;;4;Backhand
20230806_MALAGA_01;20230806_MALAGA;2.0584736428009442;1.9626666666666666;Serve;;4;Serve
20230806_MALAGA_01;20230806_MALAGA;3.355594020456334;3.2853333333333334;Backhand;;1;Backhand
20230806_MALAGA_01;20230806_MALAGA;4.1169472856018885;4.074666666666666;Backhand;;3;Backhand
20230806_MALAGA_01;20230806_MALAGA;5.667852084972464;5.653333333333333;Forehand;;1;Forehand
20230806_MALAGA_01;20230806_MALAGA;6.260015735641228;6.208;Backhand;;3;Backhand
20230806_MALAGA_01;20230806_MALAGA;6.852179386309993;6.848;Backhand;;2;Backhand
20230806_MALAGA_01;20230806_MALAGA;8.346687647521637;8.32;Smash;;4;Smash
20230806_MALAGA_01;20230806_MALAGA;9.136239181746657;9.109333333333334;Backhand;;2;Forehand
20230806_MALAGA_01;20230806_MALAGA;10.997324940991344;10.858666666666666;Forehand;;4;Forehand
20230806_MALAGA_01;20230806_MALAGA;12.379040125885131;12.373333333333333;Smash;;1;Smash
20230806_MALAGA_01;20230806_MALAGA;13.253186467348545;13.184;Forehand;;3;Forehand
20230806_MALAGA_01;20230806_MALAGA;14.211927616050357;14.165333333333333;Forehand;;1;Forehand
20230806_MALAGA_01;20230806_MALAGA;15.19886703383163;15.168;Forehand;;4;Forehand
20230806_MALAGA_01;20230806_MALAGA;16.862564909520064;16.810666666666666;Backhand;;1;Backhand
20230806_MALAGA_01;20230806_MALAGA;18.441667977970106;18.432;Smash;;3;Smash
20230806_MALAGA_01;20230806_MALAGA;19.738788355625495;19.669333333333334;Backhand;;2;Forehand
20230806_MALAGA_01;20230806_MALAGA;21.599874114870182;21.546666666666667;Smash;;4;Smash
20230806_MALAGA_01;20230806_MALAGA;23.319968528717546;;Other;;;
20230806_MALAGA_01;20230806_MALAGA;24.47609756097561;24.448;Forehand;;3;Forehand
20230806_MALAGA_01;20230806_MALAGA;26.167993705743513;26.090666666666667;Smash;;2;Smash
20230806_MALAGA_01;20230806_MALAGA;27.972682926829272;27.84;Forehand;;4;Forehand
20230806_MALAGA_01;20230806_MALAGA;28.846829268292687;28.736;Backhand;;1;Backhand
20230806_MALAGA_01;20230806_MALAGA;30.2849409913454;30.229333333333333;Backhand;;4;Backhand
20230806_MALAGA_01;20230806_MALAGA;30.877104642014167;30.784;Forehand;;2;Forehand
20230806_MALAGA_01;20230806_MALAGA;32.06143194335169;31.850666666666665;Forehand;;3;Backhand
20230806_MALAGA_01;20230806_MALAGA;35.276034618410705;35.2;Forehand;;2;Forehand
20230806_MALAGA_01;20230806_MALAGA;37.13712037765539;;Other;;;
20230806_MALAGA_01;20230806_MALAGA;38.321447678992925;38.25066666666667;Forehand;;4;Forehand
20230806_MALAGA_01;20230806_MALAGA;39.73136113296617;39.70133333333333;Smash;;2;Smash
20230806_MALAGA_01;20230806_MALAGA;41.02848151062156;40.93866666666667;Backhand;;3;Backhand
20230806_MALAGA_01;20230806_MALAGA;44.04569630212431;43.946666666666665;Backhand;;1;Forehand
20230806_MALAGA_01;20230806_MALAGA;46.5553422501967;46.50666666666667;Smash;;3;Smash
20230806_MALAGA_01;20230806_MALAGA;47.485885129819046;47.46666666666667;Backhand;;1;Backhand
20230806_MALAGA_01;20230806_MALAGA;48.58561762391818;48.46933333333333;Backhand;;3;Backhand
20230806_MALAGA_01;20230806_MALAGA;49.88273800157357;49.834666666666664;Backhand;;2;Forehand
20230806_MALAGA_01;20230806_MALAGA;52.64616837136114;52.501333333333335;Forehand;;3;Forehand
20230806_MALAGA_01;20230806_MALAGA;53.77409913453974;53.696;Backhand;;2;Forehand
20230806_MALAGA_01;20230806_MALAGA;55.21221085759245;55.12533333333333;Backhand;;3;Backhand
20230806_MALAGA_01;20230806_MALAGA;57.80645161290323;57.728;Forehand;;2;Forehand
20230806_MALAGA_01;20230806_MALAGA;59.94952006294257;59.818666666666665;Smash;;4;Smash
20230806_MALAGA_01;20230806_MALAGA;60.62627852084972;60.565333333333335;Backhand;;1;Backhand
20230806_MALAGA_01;20230806_MALAGA;61.33123524783635;61.333333333333336;Forehand;;4;Forehand
20230806_MALAGA_01;20230806_MALAGA;62.289976396538165;62.165333333333336;Forehand;;1;Forehand
20230806_MALAGA_01;20230806_MALAGA;64.12286388670339;64.10666666666667;Smash;;3;Smash
20230806_MALAGA_01;20230806_MALAGA;65.44818253343824;65.42933333333333;Forehand;;1;Forehand
20230806_MALAGA_01;20230806_MALAGA;66.2095357985838;66.176;Backhand;;3;Forehand
20230806_MALAGA_01;20230806_MALAGA;66.66070810385524;66.58133333333333;Forehand;;2;Forehand
20230806_MALAGA_01;20230806_MALAGA;67.56305271439811;67.54133333333333;Forehand;;4;Backhand
20230806_MALAGA_01;20230806_MALAGA;68.80377655389458;68.69333333333333;Backhand;;1;Backhand
20230806_MALAGA_01;20230806_MALAGA;;8.874666666666666;;;2;Backhand
20230806_MALAGA_01;20230806_MALAGA;;32.21333333333333;;;1;Smash
20230806_MALAGA_01;20230806_MALAGA;;53.44;;;2;Smash
20230806_MALAGA_01;20230806_MALAGA;;64.448;;;4;Backhand
20230806_MALAGA_02;20230806_MALAGA;0.2779543666404406;0.256;Serve;;4;Serve
20230806_MALAGA_02;20230806_MALAGA;1.63147128245476;1.5573333333333332;Forehand;;1;Forehand
20230806_MALAGA_02;20230806_MALAGA;4.036380802517702;4.010666666666666;Other;;4;Smash
20230806_MALAGA_02;20230806_MALAGA;5.17236821400472;5.1626666666666665;Forehand;;2;Forehand
20230806_MALAGA_02;20230806_MALAGA;6.441290322580645;6.421333333333333;Smash;;1;Smash
20230806_MALAGA_02;20230806_MALAGA;7.383918174665617;7.36;Backhand;;4;Forehand
20230806_MALAGA_02;20230806_MALAGA;8.109016522423289;8.064;Forehand;;1;Forehand
20230806_MALAGA_02;20230806_MALAGA;8.954964594807238;8.96;Backhand;;4;Backhand
20230806_MALAGA_02;20230806_MALAGA;10.562265932336743;10.538666666666666;Forehand;;1;Forehand
20230806_MALAGA_02;20230806_MALAGA;11.98829268292683;11.946666666666667;Smash;;1;Smash
20230806_MALAGA_02;20230806_MALAGA;13.631848937844216;13.610666666666667;Backhand;;2;Backhand
20230806_MALAGA_02;20230806_MALAGA;14.417372147915026;14.4;Backhand;;3;Backhand
20230806_MALAGA_02;20230806_MALAGA;15.952163650668764;15.957333333333333;Backhand;;1;Backhand
20230806_MALAGA_02;20230806_MALAGA;17.354020456333593;17.344;Smash;;2;Smash
20230806_MALAGA_02;20230806_MALAGA;17.77699449252557;17.792;Backhand;;2;Backhand
20230806_MALAGA_02;20230806_MALAGA;18.86464201416208;18.858666666666668;Backhand;;3;Forehand
20230806_MALAGA_02;20230806_MALAGA;20.568623131392606;20.522666666666666;Forehand;;1;Forehand
20230806_MALAGA_02;20230806_MALAGA;22.272604248623132;22.250666666666667;Smash;;4;Smash
20230806_MALAGA_02;20230806_MALAGA;23.456931549960657;23.424;Forehand;;1;Forehand
20230806_MALAGA_02;20230806_MALAGA;25.81350118017309;25.792;Smash;;4;Smash
20230806_MALAGA_02;20230806_MALAGA;27.469142407553107;27.456;Smash;;3;Forehand
20230806_MALAGA_02;20230806_MALAGA;27.904201416207712;27.882666666666665;Forehand;;4;Backhand
20230806_MALAGA_02;20230806_MALAGA;;19.136;;;3;Forehand
20230806_MALAGA_02;20230806_MALAGA;;29.162666666666667;;;2;Forehand
20230806_MALAGA_03;20230806_MALAGA;0.5222386695515342;0.49066666666666664;Serve;;3;Serve
20230806_MALAGA_03;20230806_MALAGA;1.488935781274587;1.472;Forehand;;1;Backhand
20230806_MALAGA_03;20230806_MALAGA;2.2834052466561765;2.24;Backhand;;3;Backhand
20230806_MALAGA_03;20230806_MALAGA;3.172322130999213;2.965333333333333;Forehand;;1;Backhand
20230806_MALAGA_03;20230806_MALAGA;3.8001196805664827;3.7546666666666666;Backhand;;3;Backhand
20230806_MALAGA_03;20230806_MALAGA;4.872375672305271;4.842666666666666;Forehand;;1;Forehand
20230806_MALAGA_03;20230806_MALAGA;8.072476455940205;7.978666666666666;Backhand;;3;Backhand
20230806_MALAGA_03;20230806_MALAGA;8.533602089693154;8.490666666666666;Forehand;;1;Forehand
20230806_MALAGA_03;20230806_MALAGA;9.450297626671912;9.450666666666667;Forehand;;3;Forehand
20230806_MALAGA_03;20230806_MALAGA;10.994790713217938;10.944;Smash;;2;Smash
20230806_MALAGA_03;20230806_MALAGA;11.69481275963808;11.648;Backhand;;3;Backhand
20230806_MALAGA_03;20230806_MALAGA;12.594841105035407;12.565333333333333;Backhand;;3;Backhand
20230806_MALAGA_03;20230806_MALAGA;;3.1573333333333333;;;1;Forehand
20230806_MALAGA_04;20230806_MALAGA;0.8028869760031472;0.7466666666666667;Serve;;1;Serve
20230806_MALAGA_04;20230806_MALAGA;1.6565895833988984;1.6213333333333333;Backhand;;4;Forehand
20230806_MALAGA_04;20230806_MALAGA;3.221711030291109;3.1786666666666665;Smash;;2;Smash
20230806_MALAGA_04;20230806_MALAGA;4.502264941384737;4.437333333333333;Backhand;;3;Backhand
20230806_MALAGA_04;20230806_MALAGA;5.843797610149489;5.802666666666667;Smash;;1;Smash
20230806_MALAGA_04;20230806_MALAGA;6.758478975216365;6.677333333333333;Forehand;;3;Forehand
20230806_MALAGA_04;20230806_MALAGA;8.435394811172305;8.32;Forehand;;2;Forehand
20230806_MALAGA_04;20230806_MALAGA;9.573664954366642;9.536;Backhand;;3;Backhand
20230806_MALAGA_04;20230806_MALAGA;10.661119466168373;10.624;Forehand;;2;Forehand
20230806_MALAGA_04;20230806_MALAGA;12.236404039339103;12.181333333333333;Smash;;1;Smash
20230806_MALAGA_04;20230806_MALAGA;13.28320604602675;13.269333333333334;Backhand;;2;Backhand
20230806_MALAGA_04;20230806_MALAGA;14.46212869433517;14.421333333333333;Backhand;;3;Backhand
20230806_MALAGA_04;20230806_MALAGA;16.04757639378442;16.0;Smash;;2;Smash
20230806_MALAGA_04;20230806_MALAGA;16.586222086546027;16.554666666666666;Backhand;;1;Backhand
20230806_MALAGA_04;20230806_MALAGA;17.348456557435092;17.301333333333332;Forehand;;2;Forehand
20230806_MALAGA_04;20230806_MALAGA;18.842436120377656;18.816;Backhand;;2;Forehand
20230806_MALAGA_04;20230806_MALAGA;21.484848952793076;21.44;Forehand;;1;Forehand
20230806_MALAGA_04;20230806_MALAGA;23.863020501966954;23.850666666666665;Smash;;4;Smash
20230806_MALAGA_04;20230806_MALAGA;;19.584;;;2;Smash
20230806_MALAGA_04;20230806_MALAGA;;20.629333333333335;;;1;Smash
20230806_MALAGA_04;20230806_MALAGA;;24.810666666666666;;;2;Backhand
20230806_MALAGA_05;20230806_MALAGA;0.40794336467348546;0.3413333333333333;Serve;;2;Serve
20230806_MALAGA_05;20230806_MALAGA;1.2567952143981118;1.2373333333333334;Backhand;;4;Backhand
20230806_MALAGA_05;20230806_MALAGA;1.4710684968528718;;Other;;;
20230806_MALAGA_05;20230806_MALAGA;2.200421785208497;2.1333333333333333;Backhand;;2;Backhand
20230806_MALAGA_05;20230806_MALAGA;3.185254756490952;;Other;;;
20230806_MALAGA_05;20230806_MALAGA;3.399528038945712;3.3706666666666667;Forehand;;3;Forehand
20230806_MALAGA_05;20230806_MALAGA;4.800545654996066;4.714666666666667;Smash;;2;Smash
20230806_MALAGA_05;20230806_MALAGA;6.877348238788356;6.826666666666667;Other;;4;Smash
20230806_MALAGA_05;20230806_MALAGA;7.738562008654602;7.68;Other;;2;Forehand
20230806_MALAGA_06;20230806_MALAGA;0.3204196144767899;0.256;Serve;;2;Serve
20230806_MALAGA_06;20230806_MALAGA;1.3457623808025176;1.28;Backhand;;4;Backhand
20230806_MALAGA_06;20230806_MALAGA;2.1147694555468135;2.026666666666667;Forehand;;1;Forehand
20230806_MALAGA_06;20230806_MALAGA;2.8517345688434306;2.816;Backhand;;3;Backhand
20230806_MALAGA_06;20230806_MALAGA;4.501895583398898;4.458666666666667;Smash;;1;Smash
20230806_MALAGA_06;20230806_MALAGA;5.671427176239182;5.589333333333333;Forehand;;3;Forehand
20230806_MALAGA_06;20230806_MALAGA;6.424413270259638;6.4;Backhand;;1;Backhand
20230806_MALAGA_06;20230806_MALAGA;7.962427419748231;7.8293333333333335;Backhand;;3;Backhand
20230806_MALAGA_06;20230806_MALAGA;10.317511586152635;10.282666666666668;Forehand;;1;Forehand
20230806_MALAGA_06;20230806_MALAGA;11.919609658536585;11.861333333333333;Smash;;2;Smash
20230806_MALAGA_06;20230806_MALAGA;13.04107830920535;13.013333333333334;Forehand;;1;Forehand
20230806_MALAGA_06;20230806_MALAGA;13.601812634539732;13.546666666666667;Forehand;;3;Forehand
20230806_MALAGA_06;20230806_MALAGA;15.011658938237607;14.912;Backhand;;1;Backhand
20230806_MALAGA_06;20230806_MALAGA;16.6297779913454;16.576;Smash;;3;Smash
20230806_MALAGA_06;20230806_MALAGA;18.15177116011015;18.112;Backhand;;2;Backhand
20230806_MALAGA_06;20230806_MALAGA;18.888736273406764;18.837333333333333;Backhand;;4;Backhand
20230806_MALAGA_06;20230806_MALAGA;19.65774334815106;19.605333333333334;Forehand;;1;Forehand
20230806_MALAGA_06;20230806_MALAGA;20.282561596380802;20.266666666666666;Backhand;;3;Backhand
20230806_MALAGA_06;20230806_MALAGA;21.468114169944926;21.44;Forehand;;1;Forehand
20230806_MALAGA_06;20230806_MALAGA;22.221100263965383;22.122666666666667;Backhand;;4;Backhand
20230806_MALAGA_06;20230806_MALAGA;23.53482068332022;23.445333333333334;Forehand;;1;Forehand
20230806_MALAGA_06;20230806_MALAGA;24.44801658457907;24.405333333333335;Backhand;;4;Backhand
20230806_MALAGA_06;20230806_MALAGA;25.15293973642801;25.130666666666666;Backhand;;2;Backhand
20230806_MALAGA_06;20230806_MALAGA;27.347814095594018;;Other;;;
20230806_MALAGA_06;20230806_MALAGA;28.196926073957513;28.138666666666666;Backhand;;3;Backhand
20230806_MALAGA_06;20230806_MALAGA;30.29567454878049;30.229333333333333;Smash;;1;Smash
20230806_MALAGA_06;20230806_MALAGA;30.872429854838707;30.826666666666668;Backhand;;3;Backhand
20230806_MALAGA_06;20230806_MALAGA;31.673478891030683;31.616;Backhand;;1;Forehand
20230806_MALAGA_06;20230806_MALAGA;32.97117832966168;32.896;Smash;;3;Smash
20230806_MALAGA_06;20230806_MALAGA;34.20479384539732;34.13333333333333;Forehand;;1;Forehand
20230806_MALAGA_06;20230806_MALAGA;36.09526957081039;36.117333333333335;Forehand;;4;Forehand
20230806_MALAGA_06;20230806_MALAGA;37.76145156608969;37.73866666666667;Smash;;1;Backhand
20230806_MALAGA_06;20230806_MALAGA;;7.061333333333334;;;3;Backhand
20230806_MALAGA_07;20230806_MALAGA;0.9328843430369786;0.832;Serve;;2;Serve
20230806_MALAGA_07;20230806_MALAGA;2.016906372934697;1.8986666666666667;Backhand;;4;Backhand
20230806_MALAGA_07;20230806_MALAGA;4.4768025177025965;4.437333333333333;Smash;;1;Smash
20230806_MALAGA_07;20230806_MALAGA;4.987543666404406;4.906666666666666;Backhand;;3;Backhand
20230806_MALAGA_07;20230806_MALAGA;6.092412273800157;6.037333333333334;Forehand;;1;Forehand
20230806_MALAGA_07;20230806_MALAGA;7.7549268292682925;7.722666666666667;Smash;;1;Smash
20230806_MALAGA_07;20230806_MALAGA;8.197916601101493;8.170666666666667;Backhand;;2;Backhand
20230806_MALAGA_07;20230806_MALAGA;9.026568056648308;8.981333333333334;Forehand;;1;Smash
20230806_MALAGA_07;20230806_MALAGA;9.495616050354052;9.493333333333334;Forehand;;2;Backhand
20230806_MALAGA_07;20230806_MALAGA;9.870854445318646;9.877333333333333;Backhand;;4;Backhand
20230806_MALAGA_07;20230806_MALAGA;10.282574350904799;10.261333333333333;Forehand;;4;Backhand
20230806_MALAGA_07;20230806_MALAGA;11.4187128245476;11.370666666666667;Backhand;;1;Backhand
20230806_MALAGA_07;20230806_MALAGA;;10.730666666666666;;;4;Forehand
20230806_MALAGA_08;20230806_MALAGA;0.25737633831628637;0.21333333333333335;Serve;;3;Serve
20230806_MALAGA_08;20230806_MALAGA;1.5442580298977182;1.4293333333333333;Forehand;;2;Forehand
20230806_MALAGA_08;20230806_MALAGA;3.0592687486231314;3.050666666666667;Smash;;1;Smash
20230806_MALAGA_08;20230806_MALAGA;3.4043870204563333;3.328;Smash;;1;Backhand
20230806_MALAGA_08;20230806_MALAGA;4.0127310928402835;4.032;Other;;2;Backhand
20230806_MALAGA_08;20230806_MALAGA;4.229161195515342;4.224;Backhand;;2;Smash
20230806_MALAGA_08;20230806_MALAGA;6.04834395043273;6.016;Smash;;4;Smash
20230806_MALAGA_08;20230806_MALAGA;6.580645013768685;6.570666666666667;Backhand;;2;Backhand
20230806_MALAGA_08;20230806_MALAGA;8.534365400078677;8.469333333333333;Smash;;4;Smash
20230806_MALAGA_08;20230806_MALAGA;9.522924517702595;9.450666666666667;Backhand;;2;Backhand
20230806_MALAGA_08;20230806_MALAGA;11.137376094413845;11.093333333333334;Smash;;1;Smash
20230806_MALAGA_08;20230806_MALAGA;11.8802577981904;;Other;;;
20230806_MALAGA_08;20230806_MALAGA;12.517849181746655;;Other;;;
20230806_MALAGA_08;20230806_MALAGA;12.93316100039339;;Other;;;
20230806_MALAGA_09;20230806_MALAGA;0.5011906687647522;0.4693333333333333;Serve;;3;Serve
20230806_MALAGA_09;20230806_MALAGA;1.616339906766326;1.6;Backhand;;2;Backhand
20230806_MALAGA_09;20230806_MALAGA;2.2678877761605034;2.2826666666666666;Forehand;;3;Forehand
20230806_MALAGA_09;20230806_MALAGA;3.608572815106216;3.6053333333333333;Forehand;;4;Backhand
20230806_MALAGA_09;20230806_MALAGA;4.260120684500394;4.224;Backhand;;3;Backhand
20230806_MALAGA_09;20230806_MALAGA;4.899138787175453;4.8853333333333335;Backhand;;2;Backhand
20230806_MALAGA_09;20230806_MALAGA;5.5506866565696305;5.525333333333333;Backhand;;4;Backhand
20230806_MALAGA_09;20230806_MALAGA;6.415240560188828;6.464;Forehand;;2;Forehand
20230806_MALAGA_09;20230806_MALAGA;8.394943701809598;8.384;Smash;;4;Smash
20230806_MALAGA_09;20230806_MALAGA;9.209378538552322;9.216;Forehand;;1;Forehand
20230806_MALAGA_09;20230806_MALAGA;9.936105008261212;9.941333333333333;Backhand;;4;Backhand
20230806_MALAGA_09;20230806_MALAGA;10.37464684343037;10.389333333333333;Forehand;;2;Forehand
20230806_MALAGA_09;20230806_MALAGA;11.502325848151063;11.456;Smash;;2;Smash
20230806_MALAGA_09;20230806_MALAGA;12.04110581707317;12.053333333333333;Backhand;;2;Backhand
20230806_MALAGA_09;20230806_MALAGA;13.131195521636506;13.162666666666667;Smash;;3;Smash
20230806_MALAGA_09;20230806_MALAGA;13.644915957120379;13.653333333333334;Backhand;;2;Backhand
20230806_MALAGA_09;20230806_MALAGA;14.396701960267507;14.421333333333333;Forehand;;4;Backhand
20230806_MALAGA_09;20230806_MALAGA;15.937863266719116;15.914666666666667;Backhand;;4;Backhand
20230806_MALAGA_09;20230806_MALAGA;17.37878643941778;17.408;Smash;;3;Smash
20230806_MALAGA_09;20230806_MALAGA;17.94262594177813;17.962666666666667;Forehand;;2;Backhand
20230806_MALAGA_09;20230806_MALAGA;19.60908491542093;19.584;Backhand;;3;Backhand
20230806_MALAGA_09;20230806_MALAGA;20.73676392014162;20.736;Smash;;1;Smash
20230806_MALAGA_09;20230806_MALAGA;21.300603422501965;21.312;Backhand;;1;Backhand
20230806_MALAGA_09;20230806_MALAGA;22.566109861132965;22.549333333333333;Other;;2;Backhand
20230806_MALAGA_09;20230806_MALAGA;23.981973500393394;24.0;Smash;;2;Smash
20230806_MALAGA_09;20230806_MALAGA;24.270158134933123;24.298666666666666;Smash;;3;Smash
20230806_MALAGA_09;20230806_MALAGA;24.921706004327305;24.96;Forehand;;2;Forehand
20230806_MALAGA_09;20230806_MALAGA;28.00402861723053;27.946666666666665;Forehand;;3;Backhand
20230806_MALAGA_09;20230806_MALAGA;;6.784;;;2;Smash
20230806_MALAGA_09;20230806_MALAGA;;8.661333333333333;;;4;Backhand
20230806_MALAGA_09;20230806_MALAGA;;25.450666666666667;;;1;Smash
20230903_FINLAND_00;20230903_FINLAND;0.8861306058221873;0.768;Serve;;3;Serve
20230903_FINLAND_00;20230903_FINLAND;1.9937938630999212;2.005333333333333;Backhand;;2;Backhand
20230903_FINLAND_00;20230903_FINLAND;3.6711125098347757;;Other;;;
20230903_FINLAND_00;20230903_FINLAND;3.9875877261998425;4.032;Smash;;3;Smash
20230903_FINLAND_00;20230903_FINLAND;5.506668764752163;5.44;Backhand;;2;Backhand
20230903_FINLAND_00;20230903_FINLAND;7.563757671125098;7.552;Smash;;4;Smash
20230903_FINLAND_00;20230903_FINLAND;9.051191188040912;9.088;Backhand;;2;Backhand
20230903_FINLAND_00;20230903_FINLAND;10.79180487804878;10.752;Smash;;3;Smash
20230903_FINLAND_00;20230903_FINLAND;11.994410700236035;11.925333333333333;Backhand;;2;Backhand
20230903_FINLAND_00;20230903_FINLAND;13.608434303697875;13.525333333333334;Smash;;3;Smash
20230903_FINLAND_00;20230903_FINLAND;14.209737214791502;14.101333333333333;Backhand;;2;Backhand
20230903_FINLAND_00;20230903_FINLAND;14.874335169158142;14.826666666666666;Backhand;;1;Backhand
20230903_FINLAND_00;20230903_FINLAND;17.627669551534225;17.621333333333332;Forehand;;2;Forehand
20230903_FINLAND_00;20230903_FINLAND;20.191118804091268;20.138666666666666;Other;;3;Smash
20230903_FINLAND_00;20230903_FINLAND;21.710199842643586;21.632;Forehand;;2;Forehand
20230903_FINLAND_00;20230903_FINLAND;24.273649095200625;;Other;;;
20230903_FINLAND_00;20230903_FINLAND;25.602845003933908;25.557333333333332;Backhand;;2;Backhand
20230903_FINLAND_00;20230903_FINLAND;26.109205350118014;26.090666666666667;Forehand;;3;Forehand
20230903_FINLAND_00;20230903_FINLAND;27.72322895357986;27.648;Forehand;;2;Forehand
20230903_FINLAND_00;20230903_FINLAND;29.273957513768686;29.226666666666667;Smash;;4;Smash
20230903_FINLAND_00;20230903_FINLAND;30.72974350904799;30.698666666666668;Backhand;;2;Backhand
20230903_FINLAND_00;20230903_FINLAND;32.53365224232887;32.46933333333333;Smash;;3;Smash
20230903_FINLAND_00;20230903_FINLAND;33.293192761605034;33.30133333333333;Backhand;;2;Backhand
20230903_FINLAND_00;20230903_FINLAND;34.147675845790715;34.112;Backhand;;3;Backhand
20230903_FINLAND_00;20230903_FINLAND;35.38192918961447;35.328;Forehand;;1;Forehand
20230903_FINLAND_00;20230903_FINLAND;36.96430527143981;36.970666666666666;Smash;;3;Smash
20230903_FINLAND_00;20230903_FINLAND;38.42009126671911;38.35733333333334;Forehand;;1;Backhand
20230903_FINLAND_00;20230903_FINLAND;39.021394177812745;39.01866666666667;Forehand;;3;Forehand
20230903_FINLAND_00;20230903_FINLAND;40.88859795436663;40.81066666666667;Backhand;;1;Backhand
20230903_FINLAND_00;20230903_FINLAND;42.850744295830054;;Other;;;
20230903_FINLAND_00;20230903_FINLAND;44.021702596380806;43.946666666666665;Forehand;;4;Forehand
20230903_FINLAND_00;20230903_FINLAND;46.45856176239181;;Other;;;
20230903_FINLAND_00;20230903_FINLAND;47.50292997639653;47.488;Smash;;2;Smash
20230903_FINLAND_00;20230903_FINLAND;47.97764280094414;48.08533333333333;Forehand;;1;Backhand
20230903_FINLAND_00;20230903_FINLAND;49.87649409913453;49.81333333333333;Forehand;;2;Backhand
20230903_FINLAND_00;20230903_FINLAND;51.743697875688426;51.690666666666665;Smash;;3;Smash
20230903_FINLAND_00;20230903_FINLAND;52.598180959874114;52.501333333333335;Forehand;;2;Forehand
20230903_FINLAND_00;20230903_FINLAND;53.0412462627852;52.949333333333335;Backhand;;3;Backhand
20230903_FINLAND_00;20230903_FINLAND;54.08561447678993;54.05866666666667;Forehand;;1;Forehand
20230903_FINLAND_00;20230903_FINLAND;54.9084500393391;54.784;Backhand;;4;Backhand
20230903_FINLAND_00;20230903_FINLAND;55.921170731707306;55.89333333333333;Backhand;;1;Backhand
20230903_FINLAND_00;20230903_FINLAND;57.56684185680566;;Other;;;
20230903_FINLAND_00;20230903_FINLAND;59.022627852084966;58.922666666666665;Forehand;;3;Forehand
20230903_FINLAND_00;20230903_FINLAND;61.20630684500392;61.248;Smash;;1;Forehand
20230903_FINLAND_00;20230903_FINLAND;61.80760975609756;61.67466666666667;Backhand;;1;Backhand
20230903_FINLAND_00;20230903_FINLAND;64.40270653029111;;Backhand;;;
20230903_FINLAND_00;20230903_FINLAND;66.30155782848149;66.26133333333334;Smash;;1;Smash
20230903_FINLAND_00;20230903_FINLAND;67.34592604248624;67.328;Forehand;;2;Forehand
20230903_FINLAND_00;20230903_FINLAND;68.04217151848937;68.01066666666667;Backhand;;4;Backhand
20230903_FINLAND_00;20230903_FINLAND;69.21312981904012;69.12;Forehand;;2;Forehand
20230903_FINLAND_00;20230903_FINLAND;70.95374350904798;70.82666666666667;Smash;;4;Smash
20230903_FINLAND_00;20230903_FINLAND;72.85259480723839;72.81066666666666;Backhand;;1;Backhand
20230903_FINLAND_00;20230903_FINLAND;75.60592918961447;75.60533333333333;Forehand;;4;Forehand
20230903_FINLAND_00;20230903_FINLAND;76.2388796223446;76.224;Backhand;;1;Backhand
20230903_FINLAND_00;20230903_FINLAND;77.66301809598741;77.67466666666667;Other;;3;Forehand
20230903_FINLAND_00;20230903_FINLAND;;12.181333333333333;;;2;Forehand
20230903_FINLAND_01;20230903_FINLAND;1.080933669158143;0.9813333333333333;Serve;;2;Serve
20230903_FINLAND_01;20230903_FINLAND;2.1350118434303695;2.026666666666667;Backhand;;3;Backhand
20230903_FINLAND_01;20230903_FINLAND;4.182743328481511;4.032;Smash;;2;Smash
20230903_FINLAND_01;20230903_FINLAND;5.9283504960660895;5.824;Forehand;;4;Forehand
20230903_FINLAND_01;20230903_FINLAND;6.9018621856805655;6.762666666666667;Backhand;;2;Backhand
20230903_FINLAND_01;20230903_FINLAND;8.184212066483084;8.021333333333333;Smash;;3;Smash
20230903_FINLAND_01;20230903_FINLAND;9.305428977970102;9.237333333333334;Forehand;;2;Forehand
20230903_FINLAND_01;20230903_FINLAND;11.581432169551533;11.434666666666667;Smash;;3;Smash
20230903_FINLAND_01;20230903_FINLAND;12.709362954760032;12.586666666666666;Backhand;;1;Backhand
20230903_FINLAND_01;20230903_FINLAND;13.447889064122737;;Backhand;;;
20230903_FINLAND_01;20230903_FINLAND;14.898085787962234;;Other;;;
20230903_FINLAND_02;20230903_FINLAND;1.0364878048780488;1.0453333333333332;Serve;;4;Serve
20230903_FINLAND_02;20230903_FINLAND;2.172878048780488;2.1333333333333333;Backhand;;1;Backhand
20230903_FINLAND_02;20230903_FINLAND;2.9221463414634146;2.9013333333333335;Forehand;;3;Forehand
20230903_FINLAND_02;20230903_FINLAND;4.50809756097561;4.48;Forehand;;2;Forehand
20230903_FINLAND_02;20230903_FINLAND;6.131512195121951;6.144;Smash;;1;Smash
20230903_FINLAND_02;20230903_FINLAND;7.517658536585365;7.509333333333333;Backhand;;2;Backhand
20230903_FINLAND_02;20230903_FINLAND;8.766439024390245;8.746666666666666;Forehand;;3;Smash
20230903_FINLAND_02;20230903_FINLAND;9.865365853658536;9.856;Forehand;;1;Forehand
20230903_FINLAND_02;20230903_FINLAND;10.414829268292683;10.453333333333333;Backhand;;4;Backhand
20230903_FINLAND_02;20230903_FINLAND;11.189073170731707;11.242666666666667;Forehand;;2;Forehand
20230903_FINLAND_02;20230903_FINLAND;12.737560975609757;12.778666666666666;Smash;;4;Smash
20230903_FINLAND_02;20230903_FINLAND;13.374439024390243;13.418666666666667;Backhand;;2;Backhand
20230903_FINLAND_02;20230903_FINLAND;14.698146341463413;14.677333333333333;Smash;;4;Smash
20230903_FINLAND_02;20230903_FINLAND;16.48390243902439;16.490666666666666;Backhand;;2;Backhand
20230903_FINLAND_02;20230903_FINLAND;18.244682926829267;18.261333333333333;Smash;;4;Smash
20230903_FINLAND_02;20230903_FINLAND;19.530926829268292;19.52;Forehand;;1;Forehand
20230903_FINLAND_02;20230903_FINLAND;22.34068292682927;22.378666666666668;Forehand;;2;Backhand
20230903_FINLAND_02;20230903_FINLAND;25.025560975609757;25.002666666666666;Backhand;;2;Backhand
20230903_FINLAND_02;20230903_FINLAND;27.198439024390243;27.2;Smash;;3;Smash
20230903_FINLAND_02;20230903_FINLAND;29.27141463414634;;Other;;;
20230903_FINLAND_02;20230903_FINLAND;29.633560975609754;;Other;;;
20230903_FINLAND_02;20230903_FINLAND;;24.0;;;2;Forehand
20230903_FINLAND_03;20230903_FINLAND;2.5468911479150274;2.538666666666667;Serve;;2;Serve
20230903_FINLAND_03;20230903_FINLAND;3.796309446892211;3.776;Backhand;;3;Backhand
20230903_FINLAND_03;20230903_FINLAND;4.685318621164438;4.672;Forehand;;1;Forehand
20230903_FINLAND_03;20230903_FINLAND;5.814600545239969;5.781333333333333;Forehand;;3;Forehand
20230903_FINLAND_03;20230903_FINLAND;8.121218943351693;8.149333333333333;Smash;;2;Smash
20230903_FINLAND_03;20230903_FINLAND;9.226473592446894;9.194666666666667;Forehand;;3;Forehand
20230903_FINLAND_03;20230903_FINLAND;11.22073741581432;11.178666666666667;Smash;;2;Smash
20230903_FINLAND_03;20230903_FINLAND;12.926673939417782;;Backhand;;;
20230903_FINLAND_03;20230903_FINLAND;13.719574013768687;13.696;Forehand;;2;Forehand
20230903_FINLAND_03;20230903_FINLAND;15.209265062549175;;Forehand;;;
20230903_FINLAND_03;20230903_FINLAND;17.059365236034623;17.045333333333332;Smash;;2;Smash
20230903_FINLAND_03;20230903_FINLAND;18.69321993469709;18.666666666666668;Backhand;;3;Backhand
20230903_FINLAND_03;20230903_FINLAND;21.023865607789144;20.949333333333332;Smash;;1;Smash
20230903_FINLAND_03;20230903_FINLAND;22.609665756490955;22.592;Backhand;;3;Backhand
20230903_FINLAND_03;20230903_FINLAND;24.315602280094417;24.277333333333335;Smash;;2;Smash
20230903_FINLAND_03;20230903_FINLAND;26.237784278520852;26.24;Forehand;;3;Forehand
20230903_FINLAND_03;20230903_FINLAND;28.544402676632572;28.544;Smash;;1;Smash
20230903_FINLAND_03;20230903_FINLAND;29.84187552557042;29.824;Backhand;;4;Backhand
20230903_FINLAND_03;20230903_FINLAND;31.451702949252557;31.445333333333334;Smash;;2;Smash
20230903_FINLAND_03;20230903_FINLAND;32.917366723052716;32.93866666666667;Forehand;;3;Forehand
20230903_FINLAND_03;20230903_FINLAND;34.31094867191188;34.32533333333333;Smash;;4;Smash
20230903_FINLAND_03;20230903_FINLAND;35.103848746262784;;Other;;;
20230903_FINLAND_03;20230903_FINLAND;36.23313067033832;36.245333333333335;Forehand;;1;Backhand
20230903_FINLAND_03;20230903_FINLAND;39.02029456805665;38.976;Forehand;;4;Forehand
20230903_FINLAND_03;20230903_FINLAND;42.04773121557829;42.048;Forehand;;1;Forehand
20230903_FINLAND_03;20230903_FINLAND;42.60035854012588;42.64533333333333;Backhand;;3;Backhand
20230903_FINLAND_03;20230903_FINLAND;44.47448598859167;44.437333333333335;Forehand;;1;Forehand
20230903_FINLAND_03;20230903_FINLAND;47.622059011014954;47.59466666666667;Smash;;3;Smash
20230903_FINLAND_03;20230903_FINLAND;49.039668234854446;;Other;;;
20230903_FINLAND_03;20230903_FINLAND;50.64949565853659;;Forehand;;;
20230903_FINLAND_03;20230903_FINLAND;51.65864120771046;51.669333333333334;Backhand;;2;Backhand
20230903_FINLAND_03;20230903_FINLAND;52.980141331628644;52.949333333333335;Smash;;4;Smash
20230903_FINLAND_03;20230903_FINLAND;54.20553235562549;54.165333333333336;Backhand;;1;Backhand
20230903_FINLAND_03;20230903_FINLAND;56.29590527891425;56.192;Smash;;3;Smash
20230903_FINLAND_04;20230903_FINLAND;0.474016256097561;0.49066666666666664;Serve;;2;Serve
20230903_FINLAND_04;20230903_FINLAND;1.7125748607395752;1.6853333333333333;Backhand;;4;Forehand
20230903_FINLAND_04;20230903_FINLAND;3.6239307321007077;3.584;Smash;;4;Smash
20230903_FINLAND_04;20230903_FINLAND;5.1530154291896135;;Smash;;;
20230903_FINLAND_04;20230903_FINLAND;6.773845208103855;;Forehand;;;
20230903_FINLAND_04;20230903_FINLAND;8.578165150668765;8.533333333333333;Smash;;4;Backhand
20230903_FINLAND_04;20230903_FINLAND;8.960436324940991;8.981333333333334;Backhand;;2;Backhand
20230903_FINLAND_04;20230903_FINLAND;9.541488509834775;9.514666666666667;Forehand;;2;Backhand
20230903_FINLAND_04;20230903_FINLAND;11.147027441778128;11.157333333333334;Forehand;;1;Forehand
20230903_FINLAND_04;20230903_FINLAND;13.593562957120376;;Other;;;
20230903_FINLAND_04;20230903_FINLAND;14.465141234461054;14.506666666666666;Smash;;2;Forehand
20230903_FINLAND_04;20230903_FINLAND;15.413173746656174;15.402666666666667;Backhand;;1;Backhand
20230903_FINLAND_04;20230903_FINLAND;15.734281533044845;;Other;;;
20230903_FINLAND_04;20230903_FINLAND;16.254170330055075;16.298666666666666;Smash;;3;Smash
20230903_FINLAND_04;20230903_FINLAND;18.24198043627065;18.197333333333333;Backhand;;1;Forehand
20230903_FINLAND_04;20230903_FINLAND;20.183918001573563;20.138666666666666;Smash;;4;Smash
20230903_FINLAND_04;20230903_FINLAND;21.65183931077891;21.632;Forehand;;2;Forehand
20230903_FINLAND_04;20230903_FINLAND;23.547904335169157;23.552;Smash;;4;Smash
20230903_FINLAND_04;20230903_FINLAND;24.93937140952006;24.938666666666666;Backhand;;2;Backhand
20230903_FINLAND_04;20230903_FINLAND;28.257485202202986;28.309333333333335;Smash;;4;Forehand
20230903_FINLAND_04;20230903_FINLAND;29.58778888867034;29.632;Forehand;;2;Forehand
20230903_FINLAND_04;20230903_FINLAND;31.071001044846575;31.082666666666668;Backhand;;2;Backhand
20230903_FINLAND_04;20230903_FINLAND;31.942579322187253;31.957333333333334;Forehand;;2;Forehand
20230903_FINLAND_04;20230903_FINLAND;32.5695040479937;32.576;Forehand;;4;Backhand
20230903_FINLAND_04;20230903_FINLAND;33.80806265263571;33.792;Forehand;;1;Forehand
20230903_FINLAND_04;20230903_FINLAND;35.50534666640441;35.498666666666665;Smash;;4;Smash
20230903_FINLAND_05;20230903_FINLAND;0.1421998426435877;0.08533333333333333;Serve;;;
20230903_FINLAND_05;20230903_FINLAND;1.6886231313926041;1.6853333333333333;Forehand;;;
20230903_FINLAND_05;20230903_FINLAND;3.5194461054287958;3.456;Smash;;3;Smash
20230903_FINLAND_05;20230903_FINLAND;5.003656963021243;5.034666666666666;Backhand;;;
20230903_FINLAND_05;20230903_FINLAND;5.679106215578285;5.610666666666667;Forehand;;;
20230903_FINLAND_05;20230903_FINLAND;7.341066876475216;7.338666666666667;Forehand;;;
20230903_FINLAND_05;20230903_FINLAND;9.411852084972463;9.408;Smash;;4;Forehand
20230903_FINLAND_05;20230903_FINLAND;9.962876475216364;10.005333333333333;Forehand;;;
20230903_FINLAND_05;20230903_FINLAND;10.682763178599528;10.709333333333333;Forehand;;;
20230903_FINLAND_05;20230903_FINLAND;11.491524783634933;11.52;Backhand;;2;Backhand
20230903_FINLAND_05;20230903_FINLAND;12.060324154209283;12.074666666666667;Forehand;;;
20230903_FINLAND_05;20230903_FINLAND;13.748947285601886;13.738666666666667;Smash;;;
20230903_FINLAND_05;20230903_FINLAND;14.28219669551534;14.314666666666668;Backhand;;;
20230903_FINLAND_05;20230903_FINLAND;14.877658536585365;14.912;Forehand;;1;Forehand
20230903_FINLAND_05;20230903_FINLAND;16.619606608969313;16.597333333333335;Forehand;;;
20230903_FINLAND_05;20230903_FINLAND;19.010341463414633;19.029333333333334;Smash;;;
20230903_FINLAND_05;20230903_FINLAND;20.805614476789927;20.842666666666666;Forehand;;;
20230903_FINLAND_06;20230903_FINLAND;0.5142995051140834;0.512;Serve;;3;Serve
20230903_FINLAND_06;20230903_FINLAND;1.54289851534225;1.5146666666666666;Backhand;;2;Backhand
20230903_FINLAND_06;20230903_FINLAND;2.1363210212431154;2.112;Backhand;;4;Backhand
20230903_FINLAND_06;20230903_FINLAND;3.362727533438237;3.328;Forehand;;2;Forehand
20230903_FINLAND_06;20230903_FINLAND;5.41992555389457;5.397333333333333;Smash;;4;Smash
20230903_FINLAND_06;20230903_FINLAND;6.943043319040125;6.933333333333334;Forehand;;2;Forehand
20230903_FINLAND_06;20230903_FINLAND;9.118925840676633;;Smash;;;
20230903_FINLAND_06;20230903_FINLAND;10.32555160267506;10.304;Backhand;;2;Backhand
20230903_FINLAND_06;20230903_FINLAND;12.48165337411487;12.458666666666666;Smash;;2;Smash
20230903_FINLAND_06;20230903_FINLAND;12.976172129032257;12.970666666666666;Forehand;;2;Forehand
20230903_FINLAND_06;20230903_FINLAND;13.727840636506688;13.738666666666667;Backhand;;4;Backhand
20230903_FINLAND_06;20230903_FINLAND;15.092712400078678;;Smash;;;
20230903_FINLAND_06;20230903_FINLAND;16.061969159716757;16.106666666666666;Forehand;;4;Forehand
20230903_FINLAND_06;20230903_FINLAND;17.090568169944923;17.088;Backhand;;1;Backhand
20230903_FINLAND_06;20230903_FINLAND;18.673028185680565;18.688;Smash;;4;Smash
20230903_FINLAND_06;20230903_FINLAND;21.1654027104642;21.162666666666667;Backhand;;4;Forehand
20230903_FINLAND_06;20230903_FINLAND;21.837948217151848;21.824;Forehand;;3;Forehand
20230903_FINLAND_06;20230903_FINLAND;22.648958975216367;22.656;Forehand;;1;Backhand
20230903_FINLAND_06;20230903_FINLAND;23.618215734854445;23.637333333333334;Backhand;;3;Backhand
20230903_FINLAND_06;20230903_FINLAND;25.59629075452399;25.6;Smash;;1;Smash
20230903_FINLAND_06;20230903_FINLAND;26.684232015342246;26.666666666666668;Forehand;;2;Backhand
20230903_FINLAND_06;20230903_FINLAND;28.820553036585366;28.778666666666666;Smash;;2;Smash
20230903_FINLAND_06;20230903_FINLAND;30.422793802517702;;Forehand;;;
20230903_FINLAND_06;20230903_FINLAND;31.115120059402045;31.104;Backhand;;2;Backhand
20230903_FINLAND_06;20230903_FINLAND;32.32174582140047;32.34133333333333;Forehand;;3;Forehand
20230903_FINLAND_06;20230903_FINLAND;33.884425086939416;33.898666666666664;Smash;;2;Smash
20230903_FINLAND_06;20230903_FINLAND;34.53718984343037;;Other;;;
20230903_FINLAND_06;20230903_FINLAND;35.22951610031471;35.221333333333334;Backhand;;3;Backhand
20230903_FINLAND_06;20230903_FINLAND;38.41421688198268;38.44266666666667;Smash;;1;Forehand
20230903_FINLAND_06;20230903_FINLAND;39.798869395751375;;Forehand;;;
20230903_FINLAND_06;20230903_FINLAND;41.65825991424075;41.64266666666666;Smash;;1;Smash
20230903_FINLAND_06;20230903_FINLAND;42.66707817427222;42.666666666666664;Backhand;;3;Backhand
20230903_FINLAND_06;20230903_FINLAND;43.379185181353265;43.392;Forehand;;2;Forehand
20230903_FINLAND_06;20230903_FINLAND;44.28909969040126;44.288;Backhand;;4;Backhand
20230903_FINLAND_06;20230903_FINLAND;44.74405694492525;44.778666666666666;Backhand;;1;Forehand
20230903_FINLAND_06;20230903_FINLAND;45.37704095121951;45.397333333333336;Forehand;;3;Forehand
20230903_FINLAND_06;20230903_FINLAND;46.445201461841066;46.50666666666667;Smash;;3;Forehand
20230903_FINLAND_07;20230903_FINLAND;1.1428523379228954;1.1306666666666667;Serve;;4;Smash
20230903_FINLAND_07;20230903_FINLAND;2.7686000298977183;2.752;Forehand;;1;Forehand
20230903_FINLAND_07;20230903_FINLAND;4.925532611329661;;Other;;;
20230903_FINLAND_07;20230903_FINLAND;5.76255122501967;5.76;Smash;;2;Backhand
20230903_FINLAND_07;20230903_FINLAND;6.245446579071597;6.229333333333333;Backhand;;1;Backhand
20230903_FINLAND_07;20230903_FINLAND;7.195140775373721;;Forehand;;;
20230903_FINLAND_07;20230903_FINLAND;7.678036129425649;7.701333333333333;Forehand;;1;Backhand
20230903_FINLAND_07;20230903_FINLAND;9.175011726986625;9.173333333333334;Smash;;4;Smash
20230903_FINLAND_07;20230903_FINLAND;10.752469883556255;;Other;;;
20230903_FINLAND_07;20230903_FINLAND;11.267558261211644;;Other;;;
20230903_FINLAND_07;20230903_FINLAND;13.440587354445318;;Smash;;;
20230903_FINLAND_07;20230903_FINLAND;14.100544338316286;;Other;;;
20230903_FINLAND_07;20230903_FINLAND;14.985852487411488;15.018666666666666;Forehand;;1;Forehand
20230903_FINLAND_07;20230903_FINLAND;16.64379320298977;16.618666666666666;Smash;;3;Smash
20230903_FINLAND_07;20230903_FINLAND;17.593487399291895;17.578666666666667;Backhand;;4;Backhand
20230903_FINLAND_07;20230903_FINLAND;18.31783043036979;;Forehand;;;
20230903_FINLAND_07;20230903_FINLAND;19.637744398111725;19.605333333333334;Forehand;;1;Forehand
20230903_FINLAND_07;20230903_FINLAND;21.633711861526358;21.674666666666667;Smash;;3;Smash
20230903_FINLAND_07;20230903_FINLAND;23.14678397088906;23.125333333333334;Backhand;;1;Forehand
20230903_FINLAND_07;20230903_FINLAND;24.015995608182532;24.021333333333335;Backhand;;3;Backhand
20230903_FINLAND_07;20230903_FINLAND;24.965689804484654;24.96;Forehand;;1;Forehand
20230903_FINLAND_07;20230903_FINLAND;25.83490144177813;25.856;Forehand;;3;Backhand
20230903_FINLAND_07;20230903_FINLAND;27.31578052753737;27.370666666666665;Other;;3;Forehand
20230903_FINLAND_07;20230903_FINLAND;30.792627076711252;30.762666666666668;Forehand;;4;Smash
20230903_FINLAND_07;20230903_FINLAND;32.03205848544453;32.04266666666667;Backhand;;3;Backhand
20230903_FINLAND_07;20230903_FINLAND;34.2050875786782;34.218666666666664;Smash;;1;Smash
20230903_FINLAND_07;20230903_FINLAND;35.5571945700236;35.541333333333334;Forehand;;3;Backhand
20230903_FINLAND_07;20230903_FINLAND;38.39018064712825;38.4;Smash;;4;Smash
20230903_FINLAND_07;20230903_FINLAND;;38.93333333333333;;;3;Backhand
20230903_FINLAND_08;20230903_FINLAND;0.771549960660897;;Serve;;;
20230903_FINLAND_08;20230903_FINLAND;1.7431313926042487;1.728;Forehand;;4;Forehand
20230903_FINLAND_08;20230903_FINLAND;2.5146813532651455;2.496;Forehand;;1;Backhand
20230903_FINLAND_08;20230903_FINLAND;3.371959087332809;3.3066666666666666;Backhand;;3;Backhand
20230903_FINLAND_08;20230903_FINLAND;5.115090479937058;5.056;Smash;;1;Smash
20230903_FINLAND_08;20230903_FINLAND;6.858221872541305;6.826666666666667;Backhand;;3;Backhand
20230903_FINLAND_08;20230903_FINLAND;9.144295830055075;9.109333333333334;Smash;;2;Smash
20230903_FINLAND_08;20230903_FINLAND;10.801699449252558;10.773333333333333;Forehand;;3;Forehand
20230903_FINLAND_08;20230903_FINLAND;13.030621557828482;12.949333333333334;Smash;;2;Smash
20230903_FINLAND_08;20230903_FINLAND;14.030778914240756;14.016;Backhand;;4;Backhand
20230903_FINLAND_08;20230903_FINLAND;14.688025177025963;14.741333333333333;Forehand;;2;Forehand
20230903_FINLAND_08;20230903_FINLAND;15.859638080251772;15.893333333333333;Forehand;;4;Forehand
20230903_FINLAND_08;20230903_FINLAND;16.545460267505902;16.554666666666666;Forehand;;3;Backhand
20230903_FINLAND_08;20230903_FINLAND;17.831376868607396;17.813333333333333;Backhand;;3;Backhand
20230903_FINLAND_08;20230903_FINLAND;18.54577498033045;;Backhand;;;
20230903_FINLAND_08;20230903_FINLAND;19.5173564122738;19.541333333333334;Backhand;;4;Backhand
20230903_FINLAND_08;20230903_FINLAND;20.774697088906375;20.736;Backhand;;2;Backhand
20230903_FINLAND_08;20230903_FINLAND;22.37494885916601;22.357333333333333;Forehand;;3;Forehand
20230903_FINLAND_08;20230903_FINLAND;23.517985837922893;;Other;;;
20230903_FINLAND_08;20230903_FINLAND;24.632446892210858;24.64;Smash;;2;Smash
20230903_FINLAND_08;20230903_FINLAND;25.175389457120378;25.216;Backhand;;4;Backhand
20230903_FINLAND_08;20230903_FINLAND;25.74690794649882;25.856;Backhand;;2;Backhand
20230903_FINLAND_08;20230903_FINLAND;28.404468922108578;28.373333333333335;Forehand;;4;Forehand
20230903_FINLAND_08;20230903_FINLAND;29.890416994492526;;Other;;;
20230903_FINLAND_08;20230903_FINLAND;30.919150275373724;30.890666666666668;Other;;2;Forehand
20230903_FINLAND_08;20230903_FINLAND;31.20490952006294;31.14666666666667;Smash;;2;Forehand
20230903_FINLAND_08;20230903_FINLAND;31.633548387096774;31.701333333333334;Forehand;;4;Forehand
20230903_FINLAND_08;20230903_FINLAND;33.26237608182534;33.25866666666667;Forehand;;2;Forehand
20230903_FINLAND_08;20230903_FINLAND;36.177120377655385;36.16;Forehand;;4;Forehand
20230903_FINLAND_08;20230903_FINLAND;36.72006294256491;36.672;Backhand;;1;Forehand
20230903_FINLAND_08;20230903_FINLAND;37.805948072383956;37.73866666666667;Forehand;;4;Forehand
20230903_FINLAND_08;20230903_FINLAND;38.60607395751377;38.57066666666667;Backhand;;1;Backhand
20230903_FINLAND_08;20230903_FINLAND;39.86341463414634;39.82933333333333;Forehand;;4;Forehand
20230903_FINLAND_08;20230903_FINLAND;41.57797010228167;41.51466666666666;Smash;;2;Smash
20230903_FINLAND_08;20230903_FINLAND;42.94961447678993;42.944;Forehand;;4;Forehand
20230903_FINLAND_08;20230903_FINLAND;44.37841070023603;44.352;Smash;;3;Smash
20230903_FINLAND_08;20230903_FINLAND;45.60717545239969;45.653333333333336;Backhand;;3;Backhand
20230903_FINLAND_08;20230903_FINLAND;47.550338316286386;47.57333333333333;Smash;;1;Smash
20230903_FINLAND_08;20230903_FINLAND;49.55065302911093;49.536;Forehand;;4;Backhand
20230903_FINLAND_08;20230903_FINLAND;51.77957513768686;51.754666666666665;Smash;;3;Backhand
20230903_FINLAND_08;20230903_FINLAND;52.036758457907155;52.181333333333335;Backhand;;1;Forehand
20230903_FINLAND_08;20230903_FINLAND;52.72258064516129;52.778666666666666;Forehand;;1;Backhand
20230903_FINLAND_08;20230903_FINLAND;53.43697875688434;53.461333333333336;Forehand;;4;Forehand
20230903_FINLAND_08;20230903_FINLAND;54.83719905586153;54.82666666666667;Forehand;;1;Forehand
20230903_FINLAND_08;20230903_FINLAND;55.408717545239966;;Other;;;
20230903_FINLAND_08;20230903_FINLAND;56.18026750590087;56.08533333333333;Smash;;3;Smash
20230903_FINLAND_08;20230903_FINLAND;58.72352478363493;58.688;Forehand;;4;Forehand
20230903_FINLAND_08;20230903_FINLAND;59.380771046420136;59.413333333333334;Backhand;;1;Backhand
20230903_FINLAND_08;20230903_FINLAND;59.895137686860735;59.904;Forehand;;3;Forehand
20230903_FINLAND_08;20230903_FINLAND;60.695263571990566;60.736;Smash;;3;Backhand
20230903_FINLAND_08;20230903_FINLAND;64.18152635719906;;Forehand;;;
20230903_FINLAND_08;20230903_FINLAND;64.92450039339104;64.96;Forehand;;1;Forehand
20230903_FINLAND_08;20230903_FINLAND;66.4390243902439;66.432;Smash;;4;Smash
20230903_FINLAND_08;20230903_FINLAND;68.26788355625492;68.30933333333333;Forehand;;1;Backhand
20230903_FINLAND_08;20230903_FINLAND;69.01085759244688;68.97066666666667;Forehand;;3;Forehand
20230903_FINLAND_08;20230903_FINLAND;69.5252242328875;69.54666666666667;Forehand;;2;Forehand
20230903_FINLAND_08;20230903_FINLAND;70.12531864673485;70.08;Backhand;;3;Backhand
20230903_FINLAND_08;20230903_FINLAND;70.63968528717545;;Forehand;;;
20230903_FINLAND_09;20230903_FINLAND;0.34261735837922896;0.2986666666666667;Serve;;4;Serve
20230903_FINLAND_09;20230903_FINLAND;1.4252882108575924;1.408;Forehand;;1;Forehand
20230903_FINLAND_09;20230903_FINLAND;3.1657843914240757;3.1573333333333333;Smash;;4;Smash
20230903_FINLAND_09;20230903_FINLAND;4.810347711644375;;Other;;;
20230903_FINLAND_09;20230903_FINLAND;5.632629371754524;5.568;Forehand;;4;Forehand
20230903_FINLAND_09;20230903_FINLAND;6.824937778914241;6.8053333333333335;Smash;;1;Backhand
20230903_FINLAND_09;20230903_FINLAND;7.386830246656176;;Backhand;;;
20230903_FINLAND_09;20230903_FINLAND;8.236521295436663;;Other;;;
20230903_FINLAND_09;20230903_FINLAND;8.606548042486232;8.618666666666666;Backhand;;1;Backhand
20230903_FINLAND_09;20230903_FINLAND;9.730332977970104;;Backhand;;;
20230903_FINLAND_09;20230903_FINLAND;10.237406668371362;10.197333333333333;Forehand;;3;Backhand
20230903_FINLAND_09;20230903_FINLAND;11.004869551140835;;Backhand;;;
20230903_FINLAND_09;20230903_FINLAND;13.019459618410702;13.034666666666666;Smash;;2;Smash
20230903_FINLAND_09;20230903_FINLAND;14.458452523603462;14.442666666666666;Forehand;;3;Forehand
20230903_FINLAND_09;20230903_FINLAND;15.99337828914241;16.0;Backhand;;3;Backhand
20230903_FINLAND_09;20230903_FINLAND;17.08975383595594;17.088;Forehand;;4;Forehand
20230903_FINLAND_09;20230903_FINLAND;18.77543123918175;18.773333333333333;Smash;;2;Smash
20230903_FINLAND_09;20230903_FINLAND;19.446961261605036;19.434666666666665;Backhand;;4;Backhand
20230903_FINLAND_09;20230903_FINLAND;19.899216174665618;;Other;;;
20230903_FINLAND_09;20230903_FINLAND;20.282947616050354;20.288;Forehand;;2;Forehand
20230903_FINLAND_09;20230903_FINLAND;20.735202529110936;20.714666666666666;Backhand;;4;Backhand
20230903_FINLAND_09;20230903_FINLAND;21.44784663453973;21.418666666666667;Smash;;1;Backhand
20230903_FINLAND_09;20230903_FINLAND;22.777201985051143;22.741333333333333;Forehand;;3;Forehand
20230903_FINLAND_09;20230903_FINLAND;24.408060610936275;24.384;Other;;1;Smash
20230903_FINLAND_09;20230903_FINLAND;24.791792052321007;24.78933333333333;Smash;;1;Forehand
20230903_FINLAND_09;20230903_FINLAND;26.107442708497246;26.112;Forehand;;4;Forehand
20230903_FINLAND_09;20230903_FINLAND;28.31389849645948;28.309333333333335;Smash;;3;Smash
20230903_FINLAND_09;20230903_FINLAND;29.574730375295044;;Other;;;
20230903_FINLAND_09;20230903_FINLAND;30.383307341070026;30.4;Other;;3;Smash
20230903_FINLAND_09;20230903_FINLAND;30.794448171125097;;Other;;;
20230903_FINLAND_09;20230903_FINLAND;32.11009882730134;32.128;Backhand;;3;Smash
20230903_FINLAND_09;20230903_FINLAND;32.781628849724626;32.832;Backhand;;3;Backhand
20230903_FINLAND_09;20230903_FINLAND;33.05572273642801;;Other;;;
20230927_MADRID_00;20230927_MADRID;0.29003933910306845;0.2986666666666667;Serve;;2;Serve
20230927_MADRID_00;20230927_MADRID;1.2507946498819826;1.2373333333333334;Backhand;;1;Backhand
20230927_MADRID_00;20230927_MADRID;1.9033831628638866;1.92;Backhand;;1;Backhand
20230927_MADRID_00;20230927_MADRID;3.335452399685287;3.3066666666666666;Forehand;;4;Forehand
20230927_MADRID_00;20230927_MADRID;4.6587568843430365;4.629333333333333;Smash;;1;Smash
20230927_MADRID_00;20230927_MADRID;6.072698662470495;6.101333333333334;Backhand;;4;Forehand
20230927_MADRID_00;20230927_MADRID;6.707159716758458;6.698666666666667;Backhand;;2;Backhand
20230927_MADRID_00;20230927_MADRID;7.9398269079464985;7.914666666666666;Backhand;;3;Backhand
20230927_MADRID_00;20230927_MADRID;8.701180173092052;8.661333333333333;Backhand;;1;Backhand
20230927_MADRID_00;20230927_MADRID;9.335641227380016;9.322666666666667;Backhand;;3;Backhand
20230927_MADRID_00;20230927_MADRID;11.782848151062156;11.776;Backhand;;1;Forehand
20230927_MADRID_00;20230927_MADRID;13.794996066089691;13.76;Smash;;3;Smash
20230927_MADRID_00;20230927_MADRID;14.737623918174666;14.656;Forehand;;2;Forehand
20230927_MADRID_00;20230927_MADRID;15.58961447678993;15.530666666666667;Forehand;;3;Forehand
20230927_MADRID_00;20230927_MADRID;16.73164437450826;16.72533333333333;Forehand;;2;Forehand
20230927_MADRID_00;20230927_MADRID;18.76191974822974;18.730666666666668;Smash;;4;Smash
20230927_MADRID_00;20230927_MADRID;20.683430369787565;20.629333333333335;Smash;;1;Forehand
20230927_MADRID_00;20230927_MADRID;21.952352478363494;21.952;Forehand;;4;Forehand
20230927_MADRID_00;20230927_MADRID;23.891990558615262;23.872;Forehand;;2;Forehand
20230927_MADRID_00;20230927_MADRID;26.049158143194333;26.005333333333333;Smash;;3;Smash
20230927_MADRID_00;20230927_MADRID;27.589992132179383;27.626666666666665;Backhand;;2;Backhand
20230927_MADRID_00;20230927_MADRID;28.13381589299764;28.16;Forehand;;2;Forehand
20230927_MADRID_00;20230927_MADRID;28.532619984264358;28.565333333333335;Backhand;;2;Backhand
20230927_MADRID_00;20230927_MADRID;30.79855232100708;30.762666666666668;Forehand;;3;Forehand
20230927_MADRID_00;20230927_MADRID;31.741180173092047;31.722666666666665;Backhand;;4;Smash
20230927_MADRID_00;20230927_MADRID;32.520660896931545;32.53333333333333;Backhand;;4;Backhand
20230927_MADRID_00;20230927_MADRID;33.898347757671125;;Forehand;;;
20230927_MADRID_00;20230927_MADRID;34.33340676632572;34.304;Other;;1;Forehand
20230927_MADRID_00;20230927_MADRID;35.63858379228954;35.562666666666665;Backhand;;3;Backhand
20230927_MADRID_00;20230927_MADRID;36.980015735641224;36.970666666666666;Forehand;;2;Forehand
20230927_MADRID_00;20230927_MADRID;39.30033044846577;;Other;;;
20230927_MADRID_00;20230927_MADRID;40.4423603461841;40.448;Smash;;4;Smash
20230927_MADRID_00;20230927_MADRID;41.07682140047207;41.088;Backhand;;2;Forehand
20230927_MADRID_00;20230927_MADRID;41.72940991345397;41.77066666666666;Other;;1;Backhand
20230927_MADRID_00;20230927_MADRID;42.164468922108576;42.112;Backhand;;2;Backhand
20230927_MADRID_00;20230927_MADRID;42.76267505900865;42.77333333333333;Forehand;;3;Forehand
20230927_MADRID_00;20230927_MADRID;43.342753737214785;43.349333333333334;Backhand;;2;Backhand
20230927_MADRID_01;20230927_MADRID;0.44338421400472067;0.4693333333333333;Serve;;1;Serve
20230927_MADRID_01;20230927_MADRID;1.4687102088906374;1.4293333333333333;Backhand;;3;Backhand
20230927_MADRID_01;20230927_MADRID;2.327767123524784;2.24;Backhand;;1;Backhand
20230927_MADRID_01;20230927_MADRID;3.5193621986624706;3.392;Forehand;;3;Forehand
20230927_MADRID_01;20230927_MADRID;5.486879648308419;5.44;Smash;;4;Smash
20230927_MADRID_01;20230927_MADRID;7.454397097954367;7.402666666666667;Backhand;;3;Backhand
20230927_MADRID_01;20230927_MADRID;8.368877039339104;8.362666666666666;Backhand;;4;Smash
20230927_MADRID_01;20230927_MADRID;9.227933953973249;9.152;Backhand;;3;Backhand
20230927_MADRID_01;20230927_MADRID;10.585798109362706;10.56;Smash;;4;Smash
20230927_MADRID_01;20230927_MADRID;12.220777398505113;12.138666666666667;Forehand;;4;Forehand
20230927_MADRID_01;20230927_MADRID;13.079834313139262;13.034666666666666;Backhand;;2;Backhand
20230927_MADRID_01;20230927_MADRID;13.772622147521636;13.717333333333332;Forehand;;4;Forehand
20230927_MADRID_01;20230927_MADRID;16.405215918174665;16.405333333333335;Forehand;;4;Smash
20230927_MADRID_01;20230927_MADRID;18.982386662077104;19.008;Smash;;4;Smash
20230927_MADRID_01;20230927_MADRID;19.924578116837136;19.882666666666665;Forehand;;4;Forehand
20230927_MADRID_01;20230927_MADRID;21.69811497285602;21.696;Smash;;4;Smash
20230927_MADRID_01;20230927_MADRID;23.4993633422502;23.466666666666665;Backhand;;2;Backhand
20230927_MADRID_01;20230927_MADRID;25.99339954602675;25.962666666666667;Smash;;2;Smash
20230927_MADRID_01;20230927_MADRID;27.62837883516916;27.584;Forehand;;2;Backhand
20230927_MADRID_01;20230927_MADRID;28.930819963808027;28.906666666666666;Smash;;4;Smash
20230927_MADRID_01;20230927_MADRID;29.70674233831629;29.674666666666667;Backhand;;1;Backhand
20230927_MADRID_01;20230927_MADRID;30.42724168607396;30.357333333333333;Forehand;;4;Backhand
20230927_MADRID_01;20230927_MADRID;30.732068333202204;30.762666666666668;Backhand;;2;Backhand
20230927_MADRID_01;20230927_MADRID;32.283913082218724;32.23466666666667;Smash;;3;Smash
20230927_MADRID_01;20230927_MADRID;33.36466210385524;;Forehand;;;
20230927_MADRID_01;20230927_MADRID;36.3297940350118;36.309333333333335;Forehand;;4;Forehand
20230927_MADRID_01;20230927_MADRID;38.76840721203777;38.74133333333333;Forehand;;4;Smash
20230927_MADRID_01;20230927_MADRID;39.48890655979544;39.424;Forehand;;4;Forehand
20230927_MADRID_01;20230927_MADRID;41.539558549567275;41.49333333333333;Forehand;;2;Forehand
20230927_MADRID_01;20230927_MADRID;43.89503718646735;43.84;Smash;;4;Smash
20230927_MADRID_01;20230927_MADRID;46.02882371636507;45.952;Backhand;;4;Smash
20230927_MADRID_01;20230927_MADRID;47.49753392525571;47.44533333333333;Forehand;;4;Backhand
20230927_MADRID_01;20230927_MADRID;50.68435796341464;50.688;Smash;;2;Smash
20230927_MADRID_01;20230927_MADRID;51.26629974429583;51.178666666666665;Forehand;;3;Forehand
20230927_MADRID_01;20230927_MADRID;52.485606332808814;52.458666666666666;Forehand;;2;Forehand
20230927_MADRID_01;20230927_MADRID;53.42779778756885;53.376;Backhand;;3;Backhand
20230927_MADRID_01;20230927_MADRID;54.64710437608183;54.63466666666667;Backhand;;4;Forehand
20230927_MADRID_01;20230927_MADRID;57.33512117348545;57.32266666666667;Forehand;;3;Forehand
20230927_MADRID_01;20230927_MADRID;59.05323500275374;59.093333333333334;Smash;;4;Smash
20230927_MADRID_01;20230927_MADRID;59.995426457513766;59.968;Backhand;;3;Backhand
20230927_MADRID_01;20230927_MADRID;60.688214291896145;60.650666666666666;Backhand;;1;Backhand
20230927_MADRID_01;20230927_MADRID;61.35329061290322;61.333333333333336;Forehand;;3;Forehand
20230927_MADRID_01;20230927_MADRID;62.04607844728561;62.037333333333336;Backhand;;1;Backhand
20230927_MADRID_01;20230927_MADRID;63.015981415420924;63.04;Forehand;;3;Forehand
20230927_MADRID_01;20230927_MADRID;63.791903789929194;63.76533333333333;Forehand;;2;Forehand
20230927_MADRID_01;20230927_MADRID;65.87026729307632;65.81333333333333;Forehand;;3;Forehand
20230927_MADRID_01;20230927_MADRID;66.50763210070811;66.496;Backhand;;3;Backhand
20230927_MADRID_01;20230927_MADRID;;15.36;;;2;Forehand
20230927_MADRID_01;20230927_MADRID;;49.62133333333333;;;2;Smash
20230927_MADRID_02;20230927_MADRID;0.17619721754523998;0.14933333333333335;Serve;;4;Serve
20230927_MADRID_02;20230927_MADRID;1.4744925047206925;1.4506666666666668;Backhand;;2;Backhand
20230927_MADRID_02;20230927_MADRID;3.5239443509047996;3.456;Smash;;4;Smash
20230927_MADRID_02;20230927_MADRID;4.516212891817467;4.437333333333333;Backhand;;4;Forehand
20230927_MADRID_02;20230927_MADRID;5.9628847832415435;5.9093333333333335;Smash;;4;Smash
20230927_MADRID_02;20230927_MADRID;6.964426861919749;6.890666666666666;Backhand;;4;Smash
20230927_MADRID_02;20230927_MADRID;8.2627221490952;8.128;Backhand;;3;Backhand
20230927_MADRID_02;20230927_MADRID;9.68157342722266;9.621333333333334;Smash;;2;Smash
20230927_MADRID_02;20230927_MADRID;10.265806306451614;10.24;Backhand;;4;Forehand
20230927_MADRID_02;20230927_MADRID;11.471366215971678;11.477333333333334;Backhand;;2;Backhand
20230927_MADRID_02;20230927_MADRID;12.426540605822188;12.437333333333333;Backhand;;4;Smash
20230927_MADRID_02;20230927_MADRID;13.02004702281668;12.992;Backhand;;4;Smash
20230927_MADRID_02;20230927_MADRID;13.752656506294258;13.696;Smash;;3;Smash
20230927_MADRID_02;20230927_MADRID;14.744925047206923;14.698666666666666;Forehand;;4;Forehand
20230927_MADRID_02;20230927_MADRID;15.41261976632573;15.381333333333334;Backhand;;4;Backhand
20230927_MADRID_02;20230927_MADRID;16.7387356667978;16.704;Backhand;;4;Smash
20230927_MADRID_02;20230927_MADRID;17.564080527930763;17.514666666666667;Forehand;;4;Forehand
20230927_MADRID_02;20230927_MADRID;18.65835798426436;18.624;Forehand;;2;Forehand
20230927_MADRID_02;20230927_MADRID;21.180760256490956;21.12;Smash;;3;Smash
20230927_MADRID_03;20230927_MADRID;0.49367112509834776;0.4053333333333333;Serve;;4;Serve
20230927_MADRID_03;20230927_MADRID;1.7895578284815103;1.7706666666666666;Backhand;;2;Backhand
20230927_MADRID_03;20230927_MADRID;3.5791156569630207;3.541333333333333;Smash;;3;Smash
20230927_MADRID_03;20230927_MADRID;5.080698662470495;5.056;Backhand;;2;Backhand
20230927_MADRID_03;20230927_MADRID;7.446206136900078;7.317333333333333;Smash;;4;Smash
20230927_MADRID_03;20230927_MADRID;8.515826907946499;8.533333333333333;Backhand;;2;Backhand
20230927_MADRID_03;20230927_MADRID;9.95570102281668;9.92;Smash;;4;Smash
20230927_MADRID_03;20230927_MADRID;10.264245476003147;10.304;Backhand;;3;Forehand
20230927_MADRID_03;20230927_MADRID;10.86076475216365;10.901333333333334;Forehand;;4;Forehand
20230927_MADRID_03;20230927_MADRID;11.93038552321007;11.989333333333333;Backhand;;4;Backhand
20230927_MADRID_03;20230927_MADRID;14.007918174665615;;Other;;;
20230927_MADRID_03;20230927_MADRID;14.748424862313138;14.762666666666666;Backhand;;4;Backhand
20230927_MADRID_03;20230927_MADRID;15.962033044846574;15.957333333333333;Forehand;;2;Forehand
20230927_MADRID_03;20230927_MADRID;17.545894571203775;17.514666666666667;Backhand;;4;Backhand
20230927_MADRID_03;20230927_MADRID;18.430388670338317;18.432;Forehand;;2;Forehand
20230927_MADRID_03;20230927_MADRID;19.623427222659323;19.584;Smash;;1;Backhand
20230927_MADRID_03;20230927_MADRID;20.240516129032258;20.224;Forehand;;4;Backhand
20230927_MADRID_03;20230927_MADRID;21.310136900078675;21.290666666666667;Forehand;;3;Forehand
20230927_MADRID_03;20230927_MADRID;23.367099921321792;23.36;Smash;;4;Forehand
20230927_MADRID_03;20230927_MADRID;24.18988512981904;24.192;Forehand;;4;Forehand
20230927_MADRID_03;20230927_MADRID;25.012670338316283;24.981333333333332;Forehand;;1;Forehand
20230927_MADRID_03;20230927_MADRID;25.67089850511408;25.664;Forehand;;1;Backhand
20230927_MADRID_03;20230927_MADRID;28.365520062942565;28.373333333333335;Forehand;;1;Forehand
20230927_MADRID_03;20230927_MADRID;30.648749016522423;30.634666666666668;Smash;;3;Smash
20230927_MADRID_03;20230927_MADRID;31.409825334382376;31.402666666666665;Forehand;;1;Backhand
20230927_MADRID_03;20230927_MADRID;32.35602832415421;32.32;Backhand;;3;Backhand
20230927_MADRID_03;20230927_MADRID;33.610775767112514;33.57866666666666;Smash;;4;Smash
20230927_MADRID_03;20230927_MADRID;35.564890637293466;35.52;Forehand;;4;Forehand
20230927_MADRID_03;20230927_MADRID;39.10286703383163;39.04;Smash;;4;Smash
20230927_MADRID_03;20230927_MADRID;39.76109520062942;39.68;Backhand;;3;Backhand
20230927_MADRID_03;20230927_MADRID;40.6044500393391;40.512;Forehand;;4;Smash
20230927_MADRID_03;20230927_MADRID;41.098121164437444;41.10933333333333;Forehand;;4;Forehand
20230927_MADRID_03;20230927_MADRID;42.35286860739575;42.304;Smash;;4;Forehand
20230927_MADRID_03;20230927_MADRID;43.68989457120378;43.669333333333334;Forehand;;4;Forehand
20230927_MADRID_03;20230927_MADRID;45.417743509047995;45.397333333333336;Smash;;4;Smash
20230927_MADRID_03;20230927_MADRID;46.03483241542092;45.973333333333336;Backhand;;4;Forehand
20230927_MADRID_03;20230927_MADRID;46.56964280094414;46.57066666666667;Backhand;;1;Backhand
20230927_MADRID_03;20230927_MADRID;47.02217466561762;46.95466666666667;Backhand;;3;Backhand
20230927_MADRID_03;20230927_MADRID;47.92723839496459;47.91466666666667;Smash;;4;Smash
20230927_MADRID_03;20230927_MADRID;48.44147915027537;48.384;Backhand;;1;Forehand
20230927_MADRID_03;20230927_MADRID;49.53166955153422;49.49333333333333;Smash;;4;Smash
20230927_MADRID_03;20230927_MADRID;49.94306215578284;;Backhand;;;
20230927_MADRID_03;20230927_MADRID;;1.2373333333333334;;;2;Backhand
20230927_MADRID_04;20230927_MADRID;0.8740204563335956;0.8533333333333334;Serve;;2;Backhand
20230927_MADRID_04;20230927_MADRID;2.201730920535012;2.1546666666666665;Forehand;;3;Forehand
20230927_MADRID_04;20230927_MADRID;4.189960660896931;4.117333333333334;Smash;;4;Smash
20230927_MADRID_04;20230927_MADRID;5.757859952793076;5.76;Backhand;;4;Backhand
20230927_MADRID_04;20230927_MADRID;6.745302911093628;6.741333333333333;Backhand;;2;Backhand
20230927_MADRID_04;20230927_MADRID;8.153076317859954;8.106666666666667;Forehand;;4;Backhand
20230927_MADRID_04;20230927_MADRID;9.894445318646735;;Other;;;
20230927_MADRID_04;20230927_MADRID;10.63502753737215;10.581333333333333;Forehand;;2;Forehand
20230927_MADRID_04;20230927_MADRID;12.856774193548388;12.821333333333333;Smash;;3;Smash
20230927_MADRID_04;20230927_MADRID;14.971770259638081;14.954666666666666;Other;;4;Smash
20230927_MADRID_05;20230927_MADRID;0.8512352478363492;0.8106666666666666;Serve;;3;Serve
20230927_MADRID_05;20230927_MADRID;1.7394807238394965;1.7066666666666668;Backhand;;2;Backhand
20230927_MADRID_05;20230927_MADRID;2.590715971675846;2.517333333333333;Forehand;;3;Forehand
20230927_MADRID_05;20230927_MADRID;3.478961447678993;3.498666666666667;Backhand;;1;Backhand
20230927_MADRID_05;20230927_MADRID;5.465177025963808;;Other;;;
20230927_MADRID_05;20230927_MADRID;6.205381589299764;6.1866666666666665;Forehand;;3;Forehand
20230927_MADRID_05;20230927_MADRID;7.636443745082612;7.573333333333333;Smash;;2;Smash
20230927_MADRID_05;20230927_MADRID;9.536302124311565;9.493333333333334;Forehand;;1;Backhand
20230927_MADRID_05;20230927_MADRID;11.608874901652243;11.562666666666667;Smash;;1;Forehand
20230927_MADRID_05;20230927_MADRID;13.027600314712824;13.013333333333334;Backhand;;1;Backhand
20230927_MADRID_05;20230927_MADRID;13.804815106215578;13.824;Backhand;;1;Backhand
20230927_MADRID_05;20230927_MADRID;14.483335955940204;14.442666666666666;Forehand;;3;Forehand
20230927_MADRID_05;20230927_MADRID;16.037765538945713;16.042666666666666;Smash;;1;Smash
20230927_MADRID_05;20230927_MADRID;17.3454602675059;17.344;Forehand;;4;Forehand
20230927_MADRID_05;20230927_MADRID;19.0479307631786;19.029333333333334;Smash;;1;Smash
20230927_MADRID_05;20230927_MADRID;20.713391030684498;20.69333333333333;Backhand;;4;Backhand
20230927_MADRID_05;20230927_MADRID;21.478269079464987;21.482666666666667;Backhand;;2;Backhand
20230927_MADRID_05;20230927_MADRID;22.428198269079466;22.421333333333333;Backhand;;4;Backhand
20230927_MADRID_05;20230927_MADRID;23.772903225806452;23.744;Smash;;1;Smash
20230927_MADRID_05;20230927_MADRID;24.636475216365064;24.64;Backhand;;3;Backhand
20230927_MADRID_05;20230927_MADRID;25.611077891424074;25.578666666666667;Backhand;;2;Backhand
20230927_MADRID_05;20230927_MADRID;26.44997639653816;26.410666666666668;Forehand;;3;Forehand
20230927_MADRID_05;20230927_MADRID;26.906435877262;26.88;Forehand;;1;Forehand
20230927_MADRID_05;20230927_MADRID;27.436915814319434;27.434666666666665;Backhand;;3;Backhand
20230927_MADRID_05;20230927_MADRID;27.794681353265148;27.818666666666665;Backhand;;1;Backhand
20230927_MADRID_05;20230927_MADRID;28.275814319433515;28.245333333333335;Backhand;;1;Forehand
20230927_MADRID_05;20230927_MADRID;28.584232887490163;28.629333333333335;Backhand;;1;Backhand
20230927_MADRID_05;20230927_MADRID;29.275090479937056;;Other;;;
20230927_MADRID_06;20230927_MADRID;0.9479569767899292;0.9386666666666666;Serve;;4;Serve
20230927_MADRID_06;20230927_MADRID;2.0056773929976397;1.984;Forehand;;2;Forehand
20230927_MADRID_06;20230927_MADRID;3.193118237608182;3.1786666666666665;Backhand;;4;Forehand
20230927_MADRID_06;20230927_MADRID;3.971440808025177;3.9466666666666668;Forehand;;2;Forehand
20230927_MADRID_06;20230927_MADRID;5.528085948859166;5.525333333333333;Smash;;3;Smash
20230927_MADRID_06;20230927_MADRID;6.3662794862313135;6.357333333333333;Backhand;;2;Backhand
20230927_MADRID_06;20230927_MADRID;7.374107429976396;7.381333333333333;Backhand;;3;Backhand
20230927_MADRID_06;20230927_MADRID;8.721204186467348;8.725333333333333;Backhand;;1;Backhand
20230927_MADRID_06;20230927_MADRID;9.719053635719906;9.706666666666667;Forehand;;3;Forehand
20230927_MADRID_06;20230927_MADRID;10.83664501888277;10.837333333333333;Backhand;;1;Backhand
20230927_MADRID_06;20230927_MADRID;11.55509662234461;11.541333333333334;Other;;3;Backhand
20230927_MADRID_06;20230927_MADRID;12.552946071597168;12.565333333333333;Forehand;;3;Forehand
20230927_MADRID_06;20230927_MADRID;13.800257883162864;13.76;Smash;;1;Smash
20230927_MADRID_06;20230927_MADRID;15.526537430369787;15.509333333333334;Backhand;;1;Forehand
20230927_MADRID_06;20230927_MADRID;16.614193330055073;16.576;Forehand;;2;Forehand
20230927_MADRID_06;20230927_MADRID;18.031139547993703;18.026666666666667;Smash;;1;Smash
20230927_MADRID_06;20230927_MADRID;18.719655667977968;;Other;;;
20230927_MADRID_06;20230927_MADRID;19.837247051140835;;Forehand;;;
20230927_MADRID_06;20230927_MADRID;20.435956720692367;;Other;;;
20230927_MADRID_06;20230927_MADRID;21.40387068646735;21.397333333333332;Smash;;1;Smash
20230927_MADRID_06;20230927_MADRID;;2.496;;;4;Backhand
20230927_MADRID_07;20230927_MADRID;0.6666121121164439;0.6613333333333333;Serve;;3;Serve
20230927_MADRID_07;20230927_MADRID;1.636229729740362;1.6213333333333333;Backhand;;4;Smash
20230927_MADRID_07;20230927_MADRID;2.4846451451612905;2.474666666666667;Forehand;;3;Forehand
20230927_MADRID_07;20230927_MADRID;3.757268268292683;3.7546666666666666;Forehand;;4;Forehand
20230927_MADRID_07;20230927_MADRID;5.898507173878835;5.824;Smash;;4;Smash
20230927_MADRID_07;20230927_MADRID;6.767122956333596;6.741333333333333;Forehand;;3;Forehand
20230927_MADRID_07;20230927_MADRID;7.453935435483871;7.424;Forehand;;3;Forehand
20230927_MADRID_07;20230927_MADRID;8.524554888276949;8.490666666666666;Forehand;;4;Smash
20230927_MADRID_07;20230927_MADRID;10.685994160896932;10.581333333333333;Smash;;3;Smash
20230927_MADRID_07;20230927_MADRID;12.322223890637293;12.309333333333333;Backhand;;2;Backhand
20230927_MADRID_07;20230927_MADRID;14.14025692368214;;Other;;;
20230927_MADRID_07;20230927_MADRID;15.311878211644375;15.296;Backhand;;4;Backhand
20230927_MADRID_07;20230927_MADRID;15.837087754523997;15.808;Backhand;;2;Backhand
20230927_MADRID_07;20230927_MADRID;17.35211528206137;17.301333333333332;Forehand;;4;Forehand
20230927_MADRID_07;20230927_MADRID;18.685339506294255;18.645333333333333;Smash;;2;Smash
20230927_MADRID_07;20230927_MADRID;19.351951618410702;19.328;Forehand;;4;Backhand
20230927_MADRID_07;20230927_MADRID;20.907379880015736;20.82133333333333;Forehand;;4;Smash
20230927_MADRID_07;20230927_MADRID;22.745613280094418;22.677333333333333;Smash;;4;Smash
20230927_MADRID_07;20230927_MADRID;24.30104154169945;24.256;Forehand;;4;Smash
20230927_MADRID_07;20230927_MADRID;25.91707090440598;25.877333333333333;Smash;;1;Smash
20230927_MADRID_07;20230927_MADRID;27.674502836349333;27.733333333333334;Forehand;;2;Forehand
20230927_MADRID_07;20230927_MADRID;29.088528528717546;29.077333333333332;Backhand;;4;Forehand
20230927_MADRID_07;20230927_MADRID;30.078346513375294;30.101333333333333;Backhand;;4;Backhand
20230927_MADRID_07;20230927_MADRID;31.37117000354052;31.36;Smash;;4;Smash
20230927_MADRID_07;20230927_MADRID;31.855978812352483;31.893333333333334;Forehand;;4;Forehand
20230927_MADRID_07;20230927_MADRID;32.138783950826124;;Other;;;
20230927_MADRID_07;20230927_MADRID;32.663993493705746;32.61866666666667;Backhand;;4;Backhand
20230927_MADRID_07;20230927_MADRID;33.2094034036192;33.17333333333333;Forehand;;4;Backhand
20230927_MADRID_07;20230927_MADRID;33.67401184539733;33.664;Forehand;;4;Forehand
20230927_MADRID_07;20230927_MADRID;34.48202652675059;34.474666666666664;Forehand;;4;Forehand
20230927_MADRID_07;20230927_MADRID;35.14863863886704;35.072;Forehand;;4;Forehand
20230927_MADRID_07;20230927_MADRID;36.037454788355625;36.032;Backhand;;2;Backhand
20230927_MADRID_07;20230927_MADRID;37.69388488512982;37.653333333333336;Smash;;4;Smash
20230927_MADRID_07;20230927_MADRID;39.33011461487018;39.31733333333333;Forehand;;4;Forehand
20230927_MADRID_07;20230927_MADRID;40.198730397324944;40.21333333333333;Forehand;;4;Forehand
20230927_MADRID_07;20230927_MADRID;41.754158658929974;41.74933333333333;Backhand;;4;Forehand
20230927_MADRID_07;20230927_MADRID;44.58221004366641;44.629333333333335;Backhand;;3;Backhand
20230927_MADRID_07;20230927_MADRID;47.066855188827695;47.06133333333333;Other;;2;Smash
20230927_MADRID_07;20230927_MADRID;48.258676843823764;48.256;Smash;;4;Smash
20230927_MADRID_07;20230927_MADRID;48.76368601966955;48.72533333333333;Other;;4;Backhand
20230927_MADRID_07;20230927_MADRID;;26.496;;;4;Backhand
20230927_MADRID_08;20230927_MADRID;0.18429583005507474;0.17066666666666666;Serve;;1;Serve
20230927_MADRID_08;20230927_MADRID;1.2296459480723838;1.1946666666666668;Backhand;;3;Backhand
20230927_MADRID_08;20230927_MADRID;1.9638080251770258;1.8986666666666667;Forehand;;1;Forehand
20230927_MADRID_08;20230927_MADRID;2.6586939417781275;2.6026666666666665;Backhand;;3;Backhand
20230927_MADRID_08;20230927_MADRID;3.2236664044059795;3.1573333333333333;Smash;;1;Smash
20230927_MADRID_08;20230927_MADRID;4.5650983477576705;4.522666666666667;Backhand;;1;Smash
20230927_MADRID_09;20230927_MADRID;0.584761588512982;0.5973333333333334;Serve;;1;Backhand
20230927_MADRID_09;20230927_MADRID;1.6289787108575924;1.6;Backhand;;3;Backhand
20230927_MADRID_09;20230927_MADRID;2.241586089299764;2.24;Backhand;;1;Backhand
20230927_MADRID_09;20230927_MADRID;3.462159881195909;3.4346666666666668;Forehand;;3;Forehand
20230927_MADRID_09;20230927_MADRID;5.081856662077104;5.056;Smash;;2;Smash
20230927_MADRID_09;20230927_MADRID;7.031061957120377;6.997333333333334;Smash;;4;Backhand
20230927_MADRID_10;20230927_MADRID;0.5639653784421715;0.448;Serve;;3;Serve
20230927_MADRID_10;20230927_MADRID;1.597901905586153;1.536;Forehand;;2;Forehand
20230927_MADRID_10;20230927_MADRID;2.2793600712037767;2.24;Backhand;;3;Backhand
20230927_MADRID_10;20230927_MADRID;3.078311023996853;3.008;Backhand;;2;Backhand
20230927_MADRID_10;20230927_MADRID;3.736270632179387;3.712;Backhand;;4;Backhand
20230927_MADRID_10;20230927_MADRID;5.216679750590087;5.12;Forehand;;2;Forehand
20230927_MADRID_10;20230927_MADRID;6.9790715582218725;6.933333333333334;Smash;;3;Smash
20230927_MADRID_10;20230927_MADRID;7.942512413060582;7.936;Backhand;;2;Backhand
20230927_MADRID_10;20230927_MADRID;9.540414318646736;9.514666666666667;Smash;;2;Forehand
20230927_MADRID_10;20230927_MADRID;10.76233930527144;;Other;;;
20230927_MADRID_10;20230927_MADRID;11.74927871754524;;Forehand;;;
20230927_MADRID_10;20230927_MADRID;12.66572245751377;12.608;Forehand;;4;Forehand
20230927_MADRID_10;20230927_MADRID;14.451612822580646;14.464;Smash;;2;Smash
20230927_MADRID_10;20230927_MADRID;14.968581086152636;14.933333333333334;Backhand;;4;Backhand
20230927_MADRID_10;20230927_MADRID;16.261001745082613;16.213333333333335;Forehand;;2;Forehand
20230927_MADRID_10;20230927_MADRID;18.234880569630214;18.133333333333333;Smash;;4;Smash
20230927_MADRID_10;20230927_MADRID;20.2322579516129;20.16;Forehand;;2;Forehand
20230927_MADRID_10;20230927_MADRID;22.04164687411487;21.952;Smash;;1;Smash
20230927_MADRID_10;20230927_MADRID;22.629110809992135;22.528;Forehand;;2;Forehand
20230927_MADRID_10;20230927_MADRID;24.321006945318647;24.277333333333335;Backhand;;4;Backhand
20230927_MADRID_10;20230927_MADRID;26.506372786782062;26.496;Smash;;1;Smash
20230927_MADRID_10;20230927_MADRID;28.22176747954367;28.16;Forehand;;1;Forehand
20230927_MADRID_10;20230927_MADRID;30.71261456766326;30.698666666666668;Smash;;1;Smash
20230927_MADRID_10;20230927_MADRID;32.0990294563336;31.978666666666665;Forehand;;3;Forehand
20230927_MADRID_10;20230927_MADRID;34.61337510188828;34.58133333333333;Smash;;2;Smash
20230927_MADRID_10;20230927_MADRID;35.85879864594807;35.861333333333334;Backhand;;3;Backhand
20230927_MADRID_10;20230927_MADRID;37.69168612588513;37.653333333333336;Smash;;2;Smash
20230927_MADRID_10;20230927_MADRID;38.890112555074744;38.80533333333333;Backhand;;3;Backhand
20230927_MADRID_10;20230927_MADRID;40.18253321400472;40.192;Smash;;1;Smash
20230927_MADRID_10;20230927_MADRID;41.85093079189615;41.81333333333333;Forehand;;3;Forehand
20230927_MADRID_10;20230927_MADRID;42.34440049803304;42.32533333333333;Forehand;;1;Forehand
20230927_MADRID_10;20230927_MADRID;42.908365876475216;42.90133333333333;Backhand;;3;Backhand
20230927_MADRID_10;20230927_MADRID;44.036296633359555;43.946666666666665;Smash;;1;Smash
20230927_MADRID_10;20230927_MADRID;45.25822161998427;45.22666666666667;Forehand;;3;Forehand
20230927_MADRID_10;20230927_MADRID;46.832624968135335;46.848;Smash;;1;Smash
20230927_MADRID_10;20230927_MADRID;48.68901100550748;48.704;Forehand;;3;Forehand
20230927_MADRID_10;20230927_MADRID;51.22685520849725;51.2;Smash;;1;Smash
20230927_MADRID_10;20230927_MADRID;51.64982924232888;51.562666666666665;Backhand;;3;Backhand
20230927_MADRID_10;20230927_MADRID;52.918751343823764;52.928;Backhand;;2;Backhand
20230927_MADRID_10;20230927_MADRID;55.5270912191188;55.46666666666667;Forehand;;4;Forehand
20230927_MADRID_10;20230927_MADRID;56.37303928678206;56.34133333333333;Other;;3;Backhand
20230927_MADRID_10;20230927_MADRID;;9.024;;;2;Smash
20231008_DUITSLAND_00;20231008_DUITSLAND;1.315600321793863;1.1946666666666668;Serve;;4;Serve
20231008_DUITSLAND_00;20231008_DUITSLAND;2.631200643587726;2.496;Backhand;;2;Backhand
20231008_DUITSLAND_00;20231008_DUITSLAND;3.4595415869394177;3.392;Forehand;;4;Backhand
20231008_DUITSLAND_00;20231008_DUITSLAND;5.018771597954367;4.970666666666666;Forehand;;2;Forehand
20231008_DUITSLAND_00;20231008_DUITSLAND;7.991053806451612;7.8933333333333335;Smash;;1;Forehand
20231008_DUITSLAND_00;20231008_DUITSLAND;8.575765060582217;8.448;Forehand;;2;Forehand
20231008_DUITSLAND_00;20231008_DUITSLAND;9.74518756884343;9.728;Forehand;;3;Forehand
20231008_DUITSLAND_00;20231008_DUITSLAND;11.694225082612117;11.584;Smash;;1;Smash
20231008_DUITSLAND_00;20231008_DUITSLAND;13.082914311172305;12.970666666666666;Backhand;;3;Backhand
20231008_DUITSLAND_00;20231008_DUITSLAND;14.081796036978755;13.973333333333333;Smash;;1;Smash
20231008_DUITSLAND_00;20231008_DUITSLAND;15.665389016915814;15.573333333333334;Backhand;;3;Backhand
20231008_DUITSLAND_00;20231008_DUITSLAND;18.199137784815107;18.133333333333333;Smash;;1;Smash
20231008_DUITSLAND_00;20231008_DUITSLAND;18.97875279032258;18.922666666666668;Backhand;;4;Backhand
20231008_DUITSLAND_00;20231008_DUITSLAND;19.709641857985837;19.690666666666665;Backhand;;1;Backhand
20231008_DUITSLAND_00;20231008_DUITSLAND;20.391804987804882;20.394666666666666;Backhand;;3;Backhand
20231008_DUITSLAND_00;20231008_DUITSLAND;21.171419993312355;21.12;Forehand;;1;Forehand
20231008_DUITSLAND_00;20231008_DUITSLAND;22.048486874508264;22.016;Forehand;;4;Forehand
20231008_DUITSLAND_00;20231008_DUITSLAND;24.216791108575926;24.149333333333335;Smash;;1;Smash
20231008_DUITSLAND_00;20231008_DUITSLAND;25.581117368214002;25.536;Forehand;;4;Forehand
20231008_DUITSLAND_00;20231008_DUITSLAND;26.190191591266718;26.133333333333333;Backhand;;2;Backhand
20231008_DUITSLAND_00;20231008_DUITSLAND;27.140347379228956;27.093333333333334;Forehand;;4;Forehand
20231008_DUITSLAND_00;20231008_DUITSLAND;28.139229105035405;28.16;Backhand;;2;Backhand
20231008_DUITSLAND_00;20231008_DUITSLAND;29.57664427143981;29.568;Forehand;;2;Forehand
20231008_DUITSLAND_00;20231008_DUITSLAND;31.038422406766326;30.976;Smash;;1;Smash
20231008_DUITSLAND_00;20231008_DUITSLAND;32.475837573170736;32.42666666666667;Forehand;;2;Forehand
20231008_DUITSLAND_00;20231008_DUITSLAND;33.18236367191187;33.13066666666667;Forehand;;1;Backhand
20231008_DUITSLAND_00;20231008_DUITSLAND;34.717230714004714;34.688;Forehand;;4;Forehand
20231008_DUITSLAND_00;20231008_DUITSLAND;35.56993462627852;35.498666666666665;Forehand;;1;Forehand
20231008_DUITSLAND_00;20231008_DUITSLAND;36.81244604130606;36.714666666666666;Backhand;;3;Backhand
20231008_DUITSLAND_00;20231008_DUITSLAND;37.39715729543667;37.333333333333336;Forehand;;2;Forehand
20231008_DUITSLAND_00;20231008_DUITSLAND;38.61530574154209;38.57066666666667;Forehand;;4;Forehand
20231008_DUITSLAND_00;20231008_DUITSLAND;40.637432162077104;40.53333333333333;Smash;;2;Smash
20231008_DUITSLAND_00;20231008_DUITSLAND;42.44029186231314;42.410666666666664;Backhand;;4;Forehand
20231008_DUITSLAND_00;20231008_DUITSLAND;44.21878859362707;44.16;Smash;;2;Smash
20231008_DUITSLAND_00;20231008_DUITSLAND;46.19218907631786;46.144;Forehand;;4;Forehand
20231008_DUITSLAND_00;20231008_DUITSLAND;47.556515335955936;47.50933333333333;Smash;;1;Smash
20231008_DUITSLAND_00;20231008_DUITSLAND;48.96956753343824;48.87466666666667;Backhand;;4;Backhand
20231008_DUITSLAND_00;20231008_DUITSLAND;50.528797544453184;50.432;Smash;;2;Smash
20231008_DUITSLAND_00;20231008_DUITSLAND;52.35602021361133;52.288;Forehand;;3;Forehand
20231008_DUITSLAND_00;20231008_DUITSLAND;55.15776163965381;55.08266666666667;Backhand;;2;Backhand
20231008_DUITSLAND_00;20231008_DUITSLAND;55.937376645161294;55.91466666666667;Backhand;;4;Backhand
20231008_DUITSLAND_00;20231008_DUITSLAND;57.93514009677419;57.834666666666664;Forehand;;2;Forehand
20231008_DUITSLAND_00;20231008_DUITSLAND;58.73911807120378;58.688;Forehand;;3;Backhand
20231008_DUITSLAND_01;20231008_DUITSLAND;0.82785417938631;0.7253333333333334;Serve;;3;Serve
20231008_DUITSLAND_01;20231008_DUITSLAND;1.8626719036191974;1.8133333333333332;Forehand;;2;Forehand
20231008_DUITSLAND_01;20231008_DUITSLAND;4.168837117623918;4.010666666666666;Smash;;3;Smash
20231008_DUITSLAND_01;20231008_DUITSLAND;5.528883269472855;5.376;Backhand;;2;Backhand
20231008_DUITSLAND_01;20231008_DUITSLAND;8.515071559402045;8.512;Smash;;2;Smash
20231008_DUITSLAND_01;20231008_DUITSLAND;10.200346138867033;10.133333333333333;Forehand;;1;Forehand
20231008_DUITSLAND_01;20231008_DUITSLAND;11.412561187254129;11.349333333333334;Smash;;4;Smash
20231008_DUITSLAND_01;20231008_DUITSLAND;12.920438442564908;12.821333333333333;Forehand;;1;Forehand
20231008_DUITSLAND_01;20231008_DUITSLAND;13.541329077104642;13.482666666666667;Forehand;;3;Forehand
20231008_DUITSLAND_01;20231008_DUITSLAND;14.398749477183319;14.357333333333333;Forehand;;1;Forehand
20231008_DUITSLAND_01;20231008_DUITSLAND;15.936192953186467;15.850666666666667;Smash;;4;Smash
20231008_DUITSLAND_01;20231008_DUITSLAND;17.38493776711251;17.344;Forehand;;3;Backhand
20231008_DUITSLAND_01;20231008_DUITSLAND;18.064960843036978;17.962666666666667;Forehand;;3;Forehand
20231008_DUITSLAND_01;20231008_DUITSLAND;19.336308332808812;19.285333333333334;Forehand;;1;Forehand
20231008_DUITSLAND_01;20231008_DUITSLAND;22.145099298583787;22.08;Backhand;;4;Backhand
20231008_DUITSLAND_01;20231008_DUITSLAND;23.564277891817465;23.466666666666665;Smash;;2;Smash
20231008_DUITSLAND_01;20231008_DUITSLAND;25.426949795436663;25.301333333333332;Forehand;;3;Forehand
20231008_DUITSLAND_01;20231008_DUITSLAND;26.343502636900077;26.282666666666668;Forehand;;2;Forehand
20231008_DUITSLAND_01;20231008_DUITSLAND;27.46701902321007;27.413333333333334;Forehand;;3;Forehand
20231008_DUITSLAND_01;20231008_DUITSLAND;30.867134402832413;30.826666666666668;Smash;;2;Smash
20231008_DUITSLAND_01;20231008_DUITSLAND;31.54715747875688;31.338666666666665;Backhand;;3;Forehand
20231008_DUITSLAND_01;20231008_DUITSLAND;32.34544543745082;32.29866666666667;Forehand;;1;Forehand
20231008_DUITSLAND_01;20231008_DUITSLAND;34.03072001691581;33.92;Smash;;4;Smash
20231008_DUITSLAND_01;20231008_DUITSLAND;34.858574196302115;34.730666666666664;Backhand;;1;Forehand
20231008_DUITSLAND_01;20231008_DUITSLAND;36.3664514516129;36.266666666666666;Forehand;;4;Forehand
20231008_DUITSLAND_01;20231008_DUITSLAND;38.82044776907946;38.72;Smash;;1;Smash
20231008_DUITSLAND_01;20231008_DUITSLAND;40.44658990715972;40.32;Backhand;;3;Backhand
20231008_DUITSLAND_01;20231008_DUITSLAND;42.25012936939417;42.176;Smash;;2;Smash
20231008_DUITSLAND_01;20231008_DUITSLAND;43.63974174193548;43.584;Forehand;;3;Forehand
20231008_DUITSLAND_01;20231008_DUITSLAND;44.52672836270653;44.48;Backhand;;2;Backhand
20231008_DUITSLAND_01;20231008_DUITSLAND;45.91634073524783;45.909333333333336;Smash;;3;Smash
20231008_DUITSLAND_01;20231008_DUITSLAND;46.44853270771046;46.35733333333334;Backhand;;1;Forehand
20231008_DUITSLAND_01;20231008_DUITSLAND;47.77901263886703;47.65866666666667;Backhand;;3;Backhand
20231008_DUITSLAND_01;20231008_DUITSLAND;49.28688989417781;49.17333333333333;Smash;;1;Smash
20231008_DUITSLAND_01;20231008_DUITSLAND;50.61736982533438;;Forehand;;;
20231008_DUITSLAND_01;20231008_DUITSLAND;52.21394574272226;52.16;Smash;;2;Smash
20231008_DUITSLAND_01;20231008_DUITSLAND;53.27832968764751;53.269333333333336;Backhand;;4;Backhand
20231008_DUITSLAND_01;20231008_DUITSLAND;53.987918984264354;53.973333333333336;Backhand;;2;Backhand
20231008_DUITSLAND_01;20231008_DUITSLAND;55.05230292918961;55.01866666666667;Forehand;;4;Forehand
20231008_DUITSLAND_01;20231008_DUITSLAND;56.67844506726986;56.66133333333333;Smash;;1;Smash
20231008_DUITSLAND_01;20231008_DUITSLAND;57.683696570810376;57.6;Backhand;;4;Backhand
20231008_DUITSLAND_01;20231008_DUITSLAND;59.01417650196695;58.986666666666665;Forehand;;2;Forehand
20231008_DUITSLAND_01;20231008_DUITSLAND;60.137692888276945;60.074666666666666;Forehand;;4;Forehand
20231008_DUITSLAND_01;20231008_DUITSLAND;62.29602699881982;62.29333333333334;Smash;;;
20231008_DUITSLAND_01;20231008_DUITSLAND;62.79865275059008;62.80533333333333;Backhand;;3;Backhand
20231008_DUITSLAND_01;20231008_DUITSLAND;63.41954338512981;63.31733333333333;Backhand;;1;Backhand
20231008_DUITSLAND_01;20231008_DUITSLAND;64.89785441974823;64.85333333333334;Backhand;;4;Backhand
20231008_DUITSLAND_01;20231008_DUITSLAND;65.51874505428796;65.42933333333333;Smash;;2;Forehand
20231008_DUITSLAND_01;20231008_DUITSLAND;66.61269521990559;66.60266666666666;Backhand;;3;Forehand
20231008_DUITSLAND_01;20231008_DUITSLAND;67.94317515106215;67.88266666666667;Smash;;2;Smash
20231008_DUITSLAND_01;20231008_DUITSLAND;69.77628083398898;69.78133333333334;Forehand;;4;Forehand
20231008_DUITSLAND_01;20231008_DUITSLAND;72.11201226868607;;Other;;;
20231008_DUITSLAND_01;20231008_DUITSLAND;73.11726377222658;73.10933333333334;Smash;;2;Smash
20231008_DUITSLAND_01;20231008_DUITSLAND;73.67902196538158;73.55733333333333;Forehand;;4;Backhand
20231008_DUITSLAND_02;20231008_DUITSLAND;1.553321806451613;1.5146666666666666;Serve;;1;Serve
20231008_DUITSLAND_02;20231008_DUITSLAND;2.4917870645161293;2.496;Backhand;;3;Backhand
20231008_DUITSLAND_02;20231008_DUITSLAND;3.397891451612903;3.3706666666666667;Backhand;;1;Backhand
20231008_DUITSLAND_02;20231008_DUITSLAND;4.433439322580645;4.373333333333333;Forehand;;3;Forehand
20231008_DUITSLAND_02;20231008_DUITSLAND;6.50453506451613;6.464;Smash;;1;Smash
20231008_DUITSLAND_02;20231008_DUITSLAND;8.154939483870969;8.128;Forehand;;2;Forehand
20231008_DUITSLAND_02;20231008_DUITSLAND;10.258396096774195;10.218666666666667;Smash;;1;Smash
20231008_DUITSLAND_02;20231008_DUITSLAND;11.52047006451613;11.52;Forehand;;2;Forehand
20231008_DUITSLAND_02;20231008_DUITSLAND;13.494483193548389;13.482666666666667;Smash;;1;Smash
20231008_DUITSLAND_02;20231008_DUITSLAND;14.335865838709678;14.336;Forehand;;4;Forehand
20231008_DUITSLAND_02;20231008_DUITSLAND;15.20960935483871;15.210666666666667;Forehand;;1;Forehand
20231008_DUITSLAND_02;20231008_DUITSLAND;16.131894177419355;16.085333333333335;Forehand;;2;Backhand
20231008_DUITSLAND_02;20231008_DUITSLAND;17.474870322580646;17.408;Forehand;;1;Forehand
20231008_DUITSLAND_02;20231008_DUITSLAND;18.70458341935484;18.666666666666668;Smash;;3;Smash
20231008_DUITSLAND_02;20231008_DUITSLAND;21.147829177419354;21.184;Backhand;;3;Backhand
20231008_DUITSLAND_02;20231008_DUITSLAND;22.701150983870967;22.677333333333333;Smash;;1;Smash
20231008_DUITSLAND_02;20231008_DUITSLAND;23.21892491935484;23.189333333333334;Forehand;;4;Forehand
20231008_DUITSLAND_02;20231008_DUITSLAND;24.64280324193549;24.597333333333335;Forehand;;1;Forehand
20231008_DUITSLAND_02;20231008_DUITSLAND;26.40647070967742;26.389333333333333;Smash;;3;Smash
20231008_DUITSLAND_02;20231008_DUITSLAND;27.1993120483871;27.17866666666667;Forehand;;2;Forehand
20231008_DUITSLAND_02;20231008_DUITSLAND;27.975972951612903;27.904;Forehand;;4;Backhand
20231008_DUITSLAND_02;20231008_DUITSLAND;29.7072795483871;29.717333333333332;Backhand;;3;Backhand
20231008_DUITSLAND_02;20231008_DUITSLAND;31.114977435483873;31.082666666666668;Backhand;;1;Backhand
20231008_DUITSLAND_02;20231008_DUITSLAND;31.454766580645163;31.445333333333334;Other;;2;Smash
20231008_DUITSLAND_02;20231008_DUITSLAND;33.849471032258066;33.792;Backhand;;3;Backhand
20231008_DUITSLAND_02;20231008_DUITSLAND;35.8396645967742;;Other;;;
20231008_DUITSLAND_02;20231008_DUITSLAND;36.842851596774196;36.8;Backhand;;1;Backhand
20231008_DUITSLAND_02;20231008_DUITSLAND;37.5062494516129;37.504;Backhand;;3;Forehand
20231008_DUITSLAND_02;20231008_DUITSLAND;38.97866908064516;;Other;;;
20231008_DUITSLAND_03;20231008_DUITSLAND;0.7911628638867034;0.768;Serve;;3;Serve
20231008_DUITSLAND_03;20231008_DUITSLAND;1.9408214004720692;1.8986666666666667;Backhand;;2;Backhand
20231008_DUITSLAND_03;20231008_DUITSLAND;2.8556034618410697;2.8586666666666667;Forehand;;3;Forehand
20231008_DUITSLAND_03;20231008_DUITSLAND;4.437929189614477;4.458666666666667;Backhand;;1;Backhand
20231008_DUITSLAND_03;20231008_DUITSLAND;6.131512195121951;6.08;Smash;;3;Smash
20231008_DUITSLAND_03;20231008_DUITSLAND;6.551817466561762;6.528;Backhand;;2;Backhand
20231008_DUITSLAND_03;20231008_DUITSLAND;7.627304484657749;7.616;Forehand;;3;Forehand
20231008_DUITSLAND_03;20231008_DUITSLAND;8.121781274586938;8.085333333333333;Backhand;;1;Backhand
20231008_DUITSLAND_03;20231008_DUITSLAND;8.665705743509047;8.618666666666666;Other;;3;Forehand
20231008_DUITSLAND_03;20231008_DUITSLAND;9.382697088906372;9.344;Forehand;;2;Forehand
20231008_DUITSLAND_03;20231008_DUITSLAND;10.742508261211643;10.666666666666666;Forehand;;3;Forehand
20231008_DUITSLAND_03;20231008_DUITSLAND;12.460815106215579;12.437333333333333;Smash;;2;Smash
20231008_DUITSLAND_03;20231008_DUITSLAND;13.77117859952793;13.738666666666667;Backhand;;3;Backhand
20231008_DUITSLAND_03;20231008_DUITSLAND;15.983962234461053;15.978666666666667;Smash;;2;Smash
20231008_DUITSLAND_03;20231008_DUITSLAND;17.281963808025175;17.216;Backhand;;3;Backhand
20231008_DUITSLAND_03;20231008_DUITSLAND;19.4947474429583;19.413333333333334;Smash;;2;Smash
20231008_DUITSLAND_03;20231008_DUITSLAND;21.05234933123525;21.013333333333332;Forehand;;3;Forehand
20231008_DUITSLAND_03;20231008_DUITSLAND;22.671760818253347;22.613333333333333;Smash;;2;Smash
20231008_DUITSLAND_03;20231008_DUITSLAND;23.78433359559402;23.765333333333334;Forehand;;3;Forehand
20231008_DUITSLAND_03;20231008_DUITSLAND;24.587858379228955;24.512;Forehand;;2;Forehand
20231008_DUITSLAND_03;20231008_DUITSLAND;25.910583792289536;25.856;Forehand;;3;Forehand
20231008_DUITSLAND_03;20231008_DUITSLAND;27.52999527930763;27.498666666666665;Smash;;2;Smash
20231008_DUITSLAND_03;20231008_DUITSLAND;28.54367269866247;28.522666666666666;Backhand;;3;Backhand
20231008_DUITSLAND_04;20231008_DUITSLAND;0.49477891424075526;0.49066666666666664;Serve;;2;Serve
20231008_DUITSLAND_04;20231008_DUITSLAND;1.4115751376868606;1.3866666666666667;Backhand;;1;Backhand
20231008_DUITSLAND_04;20231008_DUITSLAND;3.478004720692368;3.456;Forehand;;2;Forehand
20231008_DUITSLAND_04;20231008_DUITSLAND;5.253387883556254;5.226666666666667;Forehand;;4;Forehand
20231008_DUITSLAND_04;20231008_DUITSLAND;6.8395908733280875;6.826666666666667;Smash;;1;Smash
20231008_DUITSLAND_04;20231008_DUITSLAND;8.178404405979542;8.170666666666667;Backhand;;3;Forehand
20231008_DUITSLAND_04;20231008_DUITSLAND;10.390357199055861;10.346666666666666;Smash;;2;Smash
20231008_DUITSLAND_04;20231008_DUITSLAND;11.80193233674272;11.733333333333333;Forehand;;4;Forehand
20231008_DUITSLAND_04;20231008_DUITSLAND;13.05343194335169;13.013333333333334;Smash;;2;Backhand
20231008_DUITSLAND_04;20231008_DUITSLAND;13.519106215578283;13.504;Backhand;;3;Backhand
20231008_DUITSLAND_04;20231008_DUITSLAND;14.785158143194334;14.741333333333333;Forehand;;1;Forehand
20231008_DUITSLAND_04;20231008_DUITSLAND;15.818372934697088;15.808;Backhand;;3;Backhand
20231008_DUITSLAND_04;20231008_DUITSLAND;17.098977183320216;17.088;Forehand;;1;Forehand
20231008_DUITSLAND_04;20231008_DUITSLAND;18.001221085759244;17.92;Backhand;;3;Backhand
20231008_DUITSLAND_04;20231008_DUITSLAND;19.194511408339892;19.157333333333334;Smash;;2;Smash
20231008_DUITSLAND_04;20231008_DUITSLAND;19.74749960660897;19.733333333333334;Backhand;;1;Backhand
20231008_DUITSLAND_04;20231008_DUITSLAND;21.697510621557825;21.696;Forehand;;2;Forehand
20231008_DUITSLAND_04;20231008_DUITSLAND;23.2546089693155;23.21066666666667;Smash;;2;Smash
20231008_DUITSLAND_04;20231008_DUITSLAND;24.607974822974036;;Other;;;
20231008_DUITSLAND_04;20231008_DUITSLAND;25.175515342250193;25.109333333333332;Forehand;;1;Smash
20231008_DUITSLAND_04;20231008_DUITSLAND;26.339701022816676;26.282666666666668;Backhand;;3;Forehand
20231008_DUITSLAND_04;20231008_DUITSLAND;28.65352006294256;28.608;Backhand;;2;Forehand
20231008_DUITSLAND_04;20231008_DUITSLAND;30.32703697875688;30.293333333333333;Smash;;4;Smash
20231008_DUITSLAND_04;20231008_DUITSLAND;30.807263571990557;30.805333333333333;Backhand;;2;Backhand
20231008_DUITSLAND_04;20231008_DUITSLAND;31.869583005507472;31.872;Forehand;;2;Forehand
20231008_DUITSLAND_04;20231008_DUITSLAND;33.717727773406764;33.70666666666666;Smash;;1;Smash
20231008_DUITSLAND_04;20231008_DUITSLAND;34.18340204563336;34.13333333333333;Forehand;;3;Forehand
20231008_DUITSLAND_04;20231008_DUITSLAND;34.750942564909515;34.77333333333333;Forehand;;2;Forehand
20231008_DUITSLAND_04;20231008_DUITSLAND;35.129302911093625;35.157333333333334;Forehand;;3;Backhand
20231008_DUITSLAND_05;20231008_DUITSLAND;0.3351062195121951;0.32;Serve;;1;Smash
20231008_DUITSLAND_05;20231008_DUITSLAND;1.3739355;1.344;Backhand;;4;Backhand
20231008_DUITSLAND_05;20231008_DUITSLAND;3.4069132317073167;3.328;Smash;;2;Smash
20231008_DUITSLAND_05;20231008_DUITSLAND;5.339359097560975;5.312;Forehand;;4;Forehand
20231008_DUITSLAND_05;20231008_DUITSLAND;7.618081390243903;7.573333333333333;Smash;;2;Smash
20231008_DUITSLAND_05;20231008_DUITSLAND;9.494676219512193;9.472;Forehand;;3;Forehand
20231008_DUITSLAND_05;20231008_DUITSLAND;11.538824158536585;11.498666666666667;Smash;;2;Smash
20231008_DUITSLAND_05;20231008_DUITSLAND;12.801057585365854;12.8;Backhand;;3;Backhand
20231008_DUITSLAND_05;20231008_DUITSLAND;14.297865365853658;14.250666666666667;Smash;;1;Smash
20231008_DUITSLAND_05;20231008_DUITSLAND;15.403715890243902;;Forehand;;;
20231008_DUITSLAND_05;20231008_DUITSLAND;16.24148143902439;16.213333333333335;Forehand;;1;Forehand
20231008_DUITSLAND_05;20231008_DUITSLAND;17.43669362195122;17.408;Forehand;;4;Forehand
20231008_DUITSLAND_05;20231008_DUITSLAND;18.10690606097561;18.090666666666667;Smash;;2;Forehand
20231008_DUITSLAND_05;20231008_DUITSLAND;19.44733093902439;19.434666666666665;Forehand;;4;Forehand
20231008_DUITSLAND_05;20231008_DUITSLAND;21.256904524390244;21.248;Smash;;2;Smash
20231008_DUITSLAND_05;20231008_DUITSLAND;22.40743587804878;22.4;Other;;2;Smash
20231008_DUITSLAND_05;20231008_DUITSLAND;23.200520597560974;23.189333333333334;Backhand;;2;Backhand
20231008_DUITSLAND_05;20231008_DUITSLAND;24.730839;24.682666666666666;Backhand;;3;Backhand
20231008_DUITSLAND_05;20231008_DUITSLAND;25.44573226829268;25.408;Smash;;1;Forehand
20231008_DUITSLAND_06;20231008_DUITSLAND;0.7894508261211646;0.704;Serve;;2;Serve
20231008_DUITSLAND_06;20231008_DUITSLAND;1.9432635719905589;1.8986666666666667;Backhand;;1;Backhand
20231008_DUITSLAND_06;20231008_DUITSLAND;3.846042486231314;3.7333333333333334;Smash;;2;Smash
20231008_DUITSLAND_06;20231008_DUITSLAND;5.303490165224233;5.248;Forehand;;2;Forehand
20231008_DUITSLAND_06;20231008_DUITSLAND;6.902634146341463;6.8053333333333335;Smash;;1;Smash
20231008_DUITSLAND_06;20231008_DUITSLAND;7.793296616837137;7.808;Forehand;;3;Forehand
20231008_DUITSLAND_06;20231008_DUITSLAND;8.542262785208496;8.469333333333333;Forehand;;1;Forehand
20231008_DUITSLAND_06;20231008_DUITSLAND;9.250744295830057;9.237333333333334;Backhand;;1;Backhand
20231008_DUITSLAND_06;20231008_DUITSLAND;10.262860739575139;10.24;Smash;;2;Smash
20231008_DUITSLAND_06;20231008_DUITSLAND;10.91061526357199;10.88;Forehand;;2;Forehand
20231008_DUITSLAND_06;20231008_DUITSLAND;12.934848151062155;12.842666666666666;Smash;;2;Smash
20231008_DUITSLAND_06;20231008_DUITSLAND;14.695930763178602;14.592;Backhand;;3;Backhand
20231008_DUITSLAND_06;20231008_DUITSLAND;16.47725570416995;16.426666666666666;Smash;;2;Smash
20231008_DUITSLAND_06;20231008_DUITSLAND;18.400276947285604;18.368;Backhand;;1;Backhand
20231008_DUITSLAND_06;20231008_DUITSLAND;20.34354051927616;20.224;Smash;;2;Smash
20231008_DUITSLAND_06;20231008_DUITSLAND;21.517595594020456;21.525333333333332;Forehand;;2;Backhand
20231008_DUITSLAND_06;20231008_DUITSLAND;23.703767112509837;23.552;Smash;;1;Smash
20231008_DUITSLAND_06;20231008_DUITSLAND;25.282668764752167;25.109333333333332;Backhand;;2;Forehand
20231008_DUITSLAND_06;20231008_DUITSLAND;28.076110149488592;28.032;Forehand;;1;Smash
20231008_DUITSLAND_06;20231008_DUITSLAND;28.60241070023604;28.544;Forehand;;3;Forehand
20231008_DUITSLAND_06;20231008_DUITSLAND;29.3513768686074;29.397333333333332;Backhand;;2;Backhand
20231008_DUITSLAND_06;20231008_DUITSLAND;31.76021400472069;31.744;Forehand;;2;Forehand
20231008_DUITSLAND_06;20231008_DUITSLAND;33.237904012588515;33.23733333333333;Forehand;;4;Forehand
20231008_DUITSLAND_06;20231008_DUITSLAND;36.09207238394965;36.032;Forehand;;1;Forehand
20231008_DUITSLAND_06;20231008_DUITSLAND;38.075820613690006;37.99466666666667;Smash;;4;Backhand
20231008_DUITSLAND_06;20231008_DUITSLAND;39.81666089693155;39.82933333333333;Other;;4;Smash
20231008_DUITSLAND_06;20231008_DUITSLAND;41.881378442171524;;Backhand;;;
20231008_DUITSLAND_06;20231008_DUITSLAND;44.67481982690795;44.608;Forehand;;3;Backhand
20231008_DUITSLAND_06;20231008_DUITSLAND;48.176742722265935;48.10666666666667;Smash;;3;Smash
20231008_DUITSLAND_06;20231008_DUITSLAND;49.53297875688435;49.472;Forehand;;1;Backhand
20231015_AMSTERDAM_00;20231015_AMSTERDAM;1.7165592840283241;1.6;Serve;;3;Serve
20231015_AMSTERDAM_00;20231015_AMSTERDAM;2.8727704799370573;2.7946666666666666;Backhand;;1;Backhand
20231015_AMSTERDAM_00;20231015_AMSTERDAM;3.6659392525570413;3.6266666666666665;Backhand;;3;Backhand
20231015_AMSTERDAM_00;20231015_AMSTERDAM;4.983941093627065;4.949333333333334;Backhand;;1;Backhand
20231015_AMSTERDAM_00;20231015_AMSTERDAM;5.6271575609756095;5.589333333333333;Forehand;;1;Forehand
20231015_AMSTERDAM_01;20231015_AMSTERDAM;0.5806998198269079;0.5546666666666666;Serve;;1;Serve
20231015_AMSTERDAM_01;20231015_AMSTERDAM;1.7547233686073955;1.7493333333333334;Backhand;;3;Backhand
20231015_AMSTERDAM_01;20231015_AMSTERDAM;3.8376683745082607;3.7973333333333334;Smash;;2;Smash
20231015_AMSTERDAM_01;20231015_AMSTERDAM;4.809709377261997;4.842666666666666;Forehand;;4;Forehand
20231015_AMSTERDAM_01;20231015_AMSTERDAM;7.107260838316286;7.061333333333334;Smash;;1;Smash
20231015_AMSTERDAM_01;20231015_AMSTERDAM;8.357027841856805;8.298666666666668;Backhand;;2;Forehand
20231015_AMSTERDAM_01;20231015_AMSTERDAM;10.03600775570417;10.005333333333333;Smash;;2;Smash
20231015_AMSTERDAM_01;20231015_AMSTERDAM;11.904346306451611;11.904;Forehand;;2;Forehand
20231015_AMSTERDAM_01;20231015_AMSTERDAM;12.939506854838708;12.970666666666666;Smash;;2;Smash
20231015_AMSTERDAM_01;20231015_AMSTERDAM;14.227145585759244;14.186666666666667;Forehand;;1;Forehand
20231015_AMSTERDAM_01;20231015_AMSTERDAM;16.52469704681353;16.512;Smash;;2;Smash
20231015_AMSTERDAM_01;20231015_AMSTERDAM;18.456155143194334;18.453333333333333;Forehand;;4;Forehand
20231015_AMSTERDAM_01;20231015_AMSTERDAM;19.276709236428005;19.221333333333334;Backhand;;4;Backhand
20231015_AMSTERDAM_01;20231015_AMSTERDAM;19.89528078363493;19.904;Backhand;;1;Backhand
20231015_AMSTERDAM_01;20231015_AMSTERDAM;20.36236542132179;;Other;;;
20231015_AMSTERDAM_01;20231015_AMSTERDAM;21.170295605428795;21.141333333333332;Forehand;;2;Forehand
20231015_AMSTERDAM_01;20231015_AMSTERDAM;22.508429972856018;22.528;Smash;;3;Smash
20231015_AMSTERDAM_01;20231015_AMSTERDAM;23.657205703383163;23.616;Backhand;;2;Backhand
20231015_AMSTERDAM_01;20231015_AMSTERDAM;24.515631523996852;24.490666666666666;Backhand;;4;Backhand
20231015_AMSTERDAM_01;20231015_AMSTERDAM;25.538168163257275;;Forehand;;;
20231015_AMSTERDAM_01;20231015_AMSTERDAM;25.916885437057434;25.92;Other;;1;Backhand
20231015_AMSTERDAM_01;20231015_AMSTERDAM;28.4037955350118;28.373333333333335;Backhand;;4;Backhand
20231015_AMSTERDAM_01;20231015_AMSTERDAM;29.65356253855232;29.674666666666667;Backhand;;2;Backhand
20231015_AMSTERDAM_01;20231015_AMSTERDAM;30.66347526868607;;Other;;;
20231015_AMSTERDAM_01;20231015_AMSTERDAM;;16.85333333333333;;;2;Backhand
20231015_AMSTERDAM_02;20231015_AMSTERDAM;0.6453539634146341;0.6186666666666667;Serve;;4;Serve
20231015_AMSTERDAM_02;20231015_AMSTERDAM;1.8500146951219514;1.8133333333333332;Forehand;;1;Forehand
20231015_AMSTERDAM_02;20231015_AMSTERDAM;4.121660646341463;4.074666666666666;Smash;;4;Smash
20231015_AMSTERDAM_02;20231015_AMSTERDAM;5.223064743902439;5.205333333333333;Forehand;;2;Forehand
20231015_AMSTERDAM_02;20231015_AMSTERDAM;6.892380329268293;6.890666666666666;Smash;;4;Smash
20231015_AMSTERDAM_02;20231015_AMSTERDAM;7.7442475609756105;7.722666666666667;Backhand;;2;Backhand
20231015_AMSTERDAM_02;20231015_AMSTERDAM;8.794023341463415;8.789333333333333;Backhand;;3;Backhand
20231015_AMSTERDAM_02;20231015_AMSTERDAM;9.964265195121952;9.962666666666667;Forehand;;2;Forehand
20231015_AMSTERDAM_02;20231015_AMSTERDAM;11.754046853658537;11.733333333333333;Smash;;4;Smash
20231015_AMSTERDAM_02;20231015_AMSTERDAM;13.95685504878049;13.952;Forehand;;4;Forehand
20231015_AMSTERDAM_02;20231015_AMSTERDAM;15.94454525609756;15.872;Smash;;3;Smash
20231015_AMSTERDAM_02;20231015_AMSTERDAM;17.1147871097561;17.152;Forehand;;2;Forehand
20231015_AMSTERDAM_02;20231015_AMSTERDAM;17.846188268292686;17.792;Backhand;;4;Backhand
20231015_AMSTERDAM_02;20231015_AMSTERDAM;18.8701498902439;18.88;Forehand;;2;Forehand
20231015_AMSTERDAM_02;20231015_AMSTERDAM;20.031787024390244;20.032;Smash;;4;Smash
20231015_AMSTERDAM_02;20231015_AMSTERDAM;20.178067256097563;;Other;;;
20231015_AMSTERDAM_03;20231015_AMSTERDAM;1.241052690007868;1.1733333333333333;Serve;;4;Serve
20231015_AMSTERDAM_03;20231015_AMSTERDAM;2.079601804878049;2.026666666666667;Forehand;;1;Forehand
20231015_AMSTERDAM_03;20231015_AMSTERDAM;2.96846386664044;2.9013333333333335;Backhand;;2;Backhand
20231015_AMSTERDAM_03;20231015_AMSTERDAM;4.142432627458694;;Backhand;;;
20231015_AMSTERDAM_03;20231015_AMSTERDAM;5.6015080873328085;5.568;Smash;;2;Smash
20231015_AMSTERDAM_03;20231015_AMSTERDAM;6.792247830448465;6.741333333333333;Backhand;;1;Backhand
20231015_AMSTERDAM_03;20231015_AMSTERDAM;8.771223741542093;8.704;Smash;;1;Smash
20231015_AMSTERDAM_03;20231015_AMSTERDAM;10.045818396144767;;Forehand;;;
20231015_AMSTERDAM_03;20231015_AMSTERDAM;10.817283581825334;10.794666666666666;Forehand;;1;Forehand
20231015_AMSTERDAM_03;20231015_AMSTERDAM;11.40426796223446;11.370666666666667;Other;;1;Backhand
20231015_AMSTERDAM_03;20231015_AMSTERDAM;12.88011440440598;12.864;Other;;4;Forehand
20231015_AMSTERDAM_03;20231015_AMSTERDAM;13.26584699724626;;Other;;;
20231015_AMSTERDAM_03;20231015_AMSTERDAM;14.456586740361919;14.464;Smash;;2;Smash
20231015_AMSTERDAM_03;20231015_AMSTERDAM;15.882120235641226;15.829333333333333;Forehand;;3;Forehand
20231015_AMSTERDAM_03;20231015_AMSTERDAM;17.794012217545237;17.728;Smash;;2;Smash
20231015_AMSTERDAM_03;20231015_AMSTERDAM;19.638820270259636;19.626666666666665;Forehand;;2;Forehand
20231015_AMSTERDAM_03;20231015_AMSTERDAM;21.55071225216365;21.504;Smash;;2;Smash
20231015_AMSTERDAM_03;20231015_AMSTERDAM;23.09364262352478;22.976;Forehand;;1;Forehand
20231015_AMSTERDAM_03;20231015_AMSTERDAM;24.619802012588515;24.576;Smash;;1;Smash
20231015_AMSTERDAM_03;20231015_AMSTERDAM;25.894396667191188;25.813333333333333;Forehand;;3;Forehand
20231015_AMSTERDAM_03;20231015_AMSTERDAM;28.024311418961446;27.84;Smash;;2;Smash
20231015_AMSTERDAM_03;20231015_AMSTERDAM;29.231822144374505;29.162666666666667;Forehand;;4;Forehand
20231015_AMSTERDAM_03;20231015_AMSTERDAM;30.003287330055073;30.058666666666667;Forehand;;1;Forehand
20231015_AMSTERDAM_03;20231015_AMSTERDAM;31.378507878442168;31.381333333333334;Forehand;;2;Backhand
20231015_AMSTERDAM_03;20231015_AMSTERDAM;32.971751196695514;32.896;Smash;;3;Smash
20231015_AMSTERDAM_03;20231015_AMSTERDAM;34.43082665656962;34.368;Backhand;;1;Forehand
20231015_AMSTERDAM_03;20231015_AMSTERDAM;35.80604720495673;35.818666666666665;Smash;;1;Smash
20231015_AMSTERDAM_03;20231015_AMSTERDAM;37.23158070023603;37.248;Other;;1;Forehand
20231015_AMSTERDAM_03;20231015_AMSTERDAM;38.271381602675056;38.31466666666667;Smash;;4;Forehand
20231015_AMSTERDAM_03;20231015_AMSTERDAM;40.01556376160504;39.95733333333333;Other;;2;Forehand
20231015_AMSTERDAM_03;20231015_AMSTERDAM;;23.27466666666667;;;2;Smash
20231015_AMSTERDAM_04;20231015_AMSTERDAM;0.8722098131392604;0.832;Serve;;3;Serve
20231015_AMSTERDAM_04;20231015_AMSTERDAM;2.0127918764752164;1.984;Forehand;;2;Forehand
20231015_AMSTERDAM_04;20231015_AMSTERDAM;3.824304565302911;3.7973333333333334;Smash;;2;Smash
20231015_AMSTERDAM_04;20231015_AMSTERDAM;4.8977935660896925;4.8853333333333335;Forehand;;1;Forehand
20231015_AMSTERDAM_04;20231015_AMSTERDAM;6.373840942171518;6.314666666666667;Backhand;;4;Smash
20231015_AMSTERDAM_04;20231015_AMSTERDAM;7.393655492918961;7.381333333333333;Forehand;;2;Forehand
20231015_AMSTERDAM_04;20231015_AMSTERDAM;7.997493055861526;7.914666666666666;Forehand;;3;Backhand
20231015_AMSTERDAM_04;20231015_AMSTERDAM;9.433284594413847;9.429333333333334;Forehand;;1;Forehand
20231015_AMSTERDAM_04;20231015_AMSTERDAM;10.224982732494098;10.176;Backhand;;3;Forehand
20231015_AMSTERDAM_04;20231015_AMSTERDAM;11.244797283241542;;Forehand;;;
20231015_AMSTERDAM_04;20231015_AMSTERDAM;11.714448721085759;11.669333333333332;Other;;1;Backhand
20231015_AMSTERDAM_04;20231015_AMSTERDAM;12.640332984264358;12.629333333333333;Other;;1;Backhand
20231015_AMSTERDAM_04;20231015_AMSTERDAM;15.055683236034618;14.997333333333334;Smash;;2;Smash
20231015_AMSTERDAM_04;20231015_AMSTERDAM;16.15600946184107;16.128;Backhand;;1;Backhand
20231015_AMSTERDAM_04;20231015_AMSTERDAM;16.947707599921323;16.917333333333332;Backhand;;3;Forehand
20231015_AMSTERDAM_04;20231015_AMSTERDAM;18.04803382572777;18.069333333333333;Forehand;;1;Forehand
20231015_AMSTERDAM_04;20231015_AMSTERDAM;19.8729651270653;19.84;Smash;;2;Smash
20231015_AMSTERDAM_04;20231015_AMSTERDAM;20.557314365066873;;Other;;;
20231015_AMSTERDAM_04;20231015_AMSTERDAM;21.88575700354052;21.824;Backhand;;3;Backhand
20231015_AMSTERDAM_04;20231015_AMSTERDAM;23.14710657946499;23.14666666666667;Forehand;;1;Forehand
20231015_AMSTERDAM_04;20231015_AMSTERDAM;23.8851302675059;23.850666666666665;Other;;3;Forehand
20231015_AMSTERDAM_04;20231015_AMSTERDAM;25.495363768686072;25.450666666666667;Smash;;3;Smash
20231015_AMSTERDAM_04;20231015_AMSTERDAM;26.98482975727773;27.008;Forehand;;1;Forehand
20231015_AMSTERDAM_04;20231015_AMSTERDAM;28.742667996066086;28.69333333333333;Smash;;1;Smash
20231015_AMSTERDAM_04;20231015_AMSTERDAM;29.319668333988986;29.290666666666667;Backhand;;2;Backhand
20231015_AMSTERDAM_04;20231015_AMSTERDAM;30.232133984657747;30.186666666666667;Backhand;;4;Backhand
20231015_AMSTERDAM_04;20231015_AMSTERDAM;31.58741384815106;31.530666666666665;Forehand;;2;Forehand
20231015_AMSTERDAM_04;20231015_AMSTERDAM;32.32543753619197;32.32;Forehand;;4;Forehand
20231015_AMSTERDAM_05;20231015_AMSTERDAM;0.46312025570417004;0.448;Serve;;2;Backhand
20231015_AMSTERDAM_05;20231015_AMSTERDAM;1.3893607671125099;1.3013333333333332;Forehand;;2;Backhand
20231015_AMSTERDAM_05;20231015_AMSTERDAM;4.183519643194336;4.1386666666666665;Forehand;;1;Forehand
20231015_AMSTERDAM_05;20231015_AMSTERDAM;7.240113330841857;7.232;Smash;;2;Forehand
20231015_AMSTERDAM_05;20231015_AMSTERDAM;7.641484219118804;7.637333333333333;Backhand;;2;Forehand
20231015_AMSTERDAM_05;20231015_AMSTERDAM;8.305289918961448;8.341333333333333;Backhand;;4;Backhand
20231015_AMSTERDAM_05;20231015_AMSTERDAM;8.722098149095201;8.746666666666666;Backhand;;2;Forehand
20231015_AMSTERDAM_05;20231015_AMSTERDAM;9.339591823367428;9.301333333333334;Smash;;1;Backhand
20231015_AMSTERDAM_05;20231015_AMSTERDAM;9.679213344217153;9.664;Backhand;;1;Backhand
20231015_AMSTERDAM_05;20231015_AMSTERDAM;10.204082967348544;10.218666666666667;Backhand;;1;Backhand
20231015_AMSTERDAM_05;20231015_AMSTERDAM;10.914200692761606;10.88;Forehand;;2;Forehand
20231015_AMSTERDAM_05;20231015_AMSTERDAM;12.380748169158142;12.309333333333333;Smash;;4;Smash
20231015_AMSTERDAM_05;20231015_AMSTERDAM;13.70835956884343;13.696;Forehand;;2;Forehand
20231015_AMSTERDAM_05;20231015_AMSTERDAM;15.20578172895358;15.146666666666667;Smash;;4;Smash
20231015_AMSTERDAM_05;20231015_AMSTERDAM;16.394457051927617;16.384;Backhand;;2;Backhand
20231015_AMSTERDAM_05;20231015_AMSTERDAM;18.138876681746655;18.069333333333333;Smash;;1;Smash
20231015_AMSTERDAM_05;20231015_AMSTERDAM;18.679183646734856;18.666666666666668;Backhand;;1;Backhand
20231015_AMSTERDAM_05;20231015_AMSTERDAM;19.512800107002363;19.477333333333334;Backhand;;3;Backhand
20231015_AMSTERDAM_05;20231015_AMSTERDAM;19.975920362706532;19.968;Forehand;;1;Forehand
20231015_AMSTERDAM_05;20231015_AMSTERDAM;20.485352643981116;20.373333333333335;Backhand;;1;Forehand
20231015_AMSTERDAM_05;20231015_AMSTERDAM;21.843838727380017;21.845333333333333;Smash;;2;Smash
20231015_AMSTERDAM_05;20231015_AMSTERDAM;23.094263417781274;23.125333333333334;Backhand;;2;Forehand
20231015_AMSTERDAM_05;20231015_AMSTERDAM;24.946744440597953;;Other;;;
20231015_AMSTERDAM_05;20231015_AMSTERDAM;25.73404887529504;25.706666666666667;Backhand;;2;Smash
20231015_AMSTERDAM_05;20231015_AMSTERDAM;27.077097616837136;27.050666666666668;Forehand;;2;Forehand
20231015_AMSTERDAM_05;20231015_AMSTERDAM;27.818090025963805;27.776;Backhand;;2;Backhand
20231015_AMSTERDAM_05;20231015_AMSTERDAM;28.821517246656178;28.778666666666666;Forehand;;4;Forehand
20231015_AMSTERDAM_05;20231015_AMSTERDAM;30.90555839732494;30.933333333333334;Smash;;2;Smash
20231015_AMSTERDAM_05;20231015_AMSTERDAM;32.217732455153424;32.17066666666667;Forehand;;4;Forehand
20231015_AMSTERDAM_05;20231015_AMSTERDAM;32.881538154996065;32.85333333333333;Backhand;;2;Backhand
20231015_AMSTERDAM_05;20231015_AMSTERDAM;33.99302676868608;33.77066666666666;Backhand;;3;Backhand
20231015_AMSTERDAM_05;20231015_AMSTERDAM;34.687707152242325;34.688;Backhand;;1;Backhand
20231015_AMSTERDAM_05;20231015_AMSTERDAM;35.258888800944135;35.221333333333334;Backhand;;3;Forehand
20231015_AMSTERDAM_05;20231015_AMSTERDAM;36.401252098347754;36.373333333333335;Smash;;2;Smash
20231015_AMSTERDAM_05;20231015_AMSTERDAM;;34.00533333333333;;;3;Smash
20231015_AMSTERDAM_06;20231015_AMSTERDAM;0.8348953186467348;0.7893333333333333;Serve;;4;Serve
20231015_AMSTERDAM_06;20231015_AMSTERDAM;2.112285156176239;2.0693333333333332;Backhand;;2;Backhand
20231015_AMSTERDAM_06;20231015_AMSTERDAM;2.821946177025964;2.7946666666666666;Forehand;;4;Forehand
20231015_AMSTERDAM_06;20231015_AMSTERDAM;3.5149092915027538;3.477333333333333;Backhand;;2;Backhand
20231015_AMSTERDAM_06;20231015_AMSTERDAM;5.309934226593233;5.269333333333333;Smash;;3;Smash
20231015_AMSTERDAM_06;20231015_AMSTERDAM;6.687511502360346;6.677333333333333;Backhand;;3;Forehand
20231015_AMSTERDAM_06;20231015_AMSTERDAM;7.238542412667192;7.189333333333333;Forehand;;1;Backhand
20231015_AMSTERDAM_06;20231015_AMSTERDAM;7.764526463414634;7.722666666666667;Backhand;;1;Smash
20231015_AMSTERDAM_06;20231015_AMSTERDAM;8.766400845790717;8.725333333333333;Smash;;4;Backhand
20231015_AMSTERDAM_06;20231015_AMSTERDAM;9.175499551927615;9.194666666666667;Forehand;;1;Smash
20231015_AMSTERDAM_06;20231015_AMSTERDAM;11.788721899291897;11.776;Forehand;;3;Forehand
20231015_AMSTERDAM_06;20231015_AMSTERDAM;12.414893388276948;12.373333333333333;Backhand;;2;Backhand
20231015_AMSTERDAM_06;20231015_AMSTERDAM;14.36854843391031;14.336;Forehand;;1;Forehand
20231015_AMSTERDAM_06;20231015_AMSTERDAM;15.77952152242329;15.786666666666667;Forehand;;1;Forehand
20231015_AMSTERDAM_06;20231015_AMSTERDAM;16.97342182808812;16.981333333333332;Other;;3;Forehand
20231015_AMSTERDAM_06;20231015_AMSTERDAM;18.11722841463415;18.133333333333333;Smash;;3;Smash
20231015_AMSTERDAM_06;20231015_AMSTERDAM;18.73505095043273;;Other;;;
20231015_AMSTERDAM_07;20231015_AMSTERDAM;0.5621750118017309;0.512;Serve;;2;Backhand
20231015_AMSTERDAM_07;20231015_AMSTERDAM;1.4757094059795437;1.4293333333333333;Backhand;;3;Backhand
20231015_AMSTERDAM_07;20231015_AMSTERDAM;3.272661675845791;3.2;Smash;;1;Smash
20231015_AMSTERDAM_07;20231015_AMSTERDAM;5.471167525570417;5.44;Forehand;;1;Forehand
20231015_AMSTERDAM_07;20231015_AMSTERDAM;6.394740759244689;6.378666666666667;Backhand;;2;Forehand
20231015_AMSTERDAM_07;20231015_AMSTERDAM;7.087420684500394;7.061333333333334;Backhand;;2;Backhand
20231015_AMSTERDAM_07;20231015_AMSTERDAM;7.840333646734855;7.850666666666666;Forehand;;1;Backhand
20231015_AMSTERDAM_07;20231015_AMSTERDAM;9.717596632572779;9.706666666666667;Smash;;1;Smash
20231015_AMSTERDAM_07;20231015_AMSTERDAM;10.229577446892211;10.197333333333333;Backhand;;1;Backhand
20231015_AMSTERDAM_07;20231015_AMSTERDAM;11.04272344610543;11.029333333333334;Forehand;;1;Backhand
20231015_AMSTERDAM_07;20231015_AMSTERDAM;11.574781939417782;11.584;Forehand;;4;Backhand
20231015_AMSTERDAM_07;20231015_AMSTERDAM;12.36785025963808;12.352;Backhand;;1;Backhand
20231015_AMSTERDAM_07;20231015_AMSTERDAM;13.753210110149489;13.738666666666667;Backhand;;2;Forehand
20231015_AMSTERDAM_07;20231015_AMSTERDAM;14.747055220298979;14.741333333333333;Other;;2;Smash
20231015_AMSTERDAM_07;20231015_AMSTERDAM;15.228919516129032;15.210666666666667;Smash;;2;Forehand
20231015_AMSTERDAM_07;20231015_AMSTERDAM;15.91156060188828;15.850666666666667;Forehand;;3;Forehand
20231015_AMSTERDAM_07;20231015_AMSTERDAM;16.88532803304485;16.832;Forehand;;2;Smash
20231015_AMSTERDAM_07;20231015_AMSTERDAM;18.300804402045635;18.304;Forehand;;2;Forehand
20231015_AMSTERDAM_07;20231015_AMSTERDAM;20.067640153422502;20.053333333333335;Smash;;1;Smash
20231015_AMSTERDAM_07;20231015_AMSTERDAM;21.071524103068448;21.077333333333332;Forehand;;4;Forehand
20231015_AMSTERDAM_07;20231015_AMSTERDAM;22.015175015735643;22.016;Smash;;4;Forehand
20231015_AMSTERDAM_07;20231015_AMSTERDAM;23.450729063729348;23.381333333333334;Smash;;3;Smash
20231015_AMSTERDAM_08;20231015_AMSTERDAM;0.7836688906372935;0.7893333333333333;Serve;;3;Serve
20231015_AMSTERDAM_08;20231015_AMSTERDAM;1.7912431785995278;1.7706666666666666;Backhand;;4;Backhand
20231015_AMSTERDAM_08;20231015_AMSTERDAM;2.6868647678992916;2.6666666666666665;Backhand;;1;Backhand
20231015_AMSTERDAM_08;20231015_AMSTERDAM;3.4425454838709677;3.4346666666666668;Forehand;;2;Forehand
20231015_AMSTERDAM_08;20231015_AMSTERDAM;6.332324518095987;6.314666666666667;Forehand;;2;Forehand
20231015_AMSTERDAM_08;20231015_AMSTERDAM;8.634351884343037;;Other;;;
20231015_AMSTERDAM_08;20231015_AMSTERDAM;9.425017818646735;;Forehand;;;
20231015_AMSTERDAM_08;20231015_AMSTERDAM;9.977784268292684;9.984;Forehand;;3;Forehand
20231015_AMSTERDAM_08;20231015_AMSTERDAM;12.671646079858377;12.693333333333333;Smash;;3;Smash
20231015_AMSTERDAM_08;20231015_AMSTERDAM;13.23140957317073;13.269333333333334;Backhand;;2;Forehand
20231015_AMSTERDAM_08;20231015_AMSTERDAM;14.036069594807238;14.058666666666667;Forehand;;2;Forehand
20231015_AMSTERDAM_08;20231015_AMSTERDAM;14.588836044453185;14.549333333333333;Forehand;;2;Forehand
20231015_AMSTERDAM_08;20231015_AMSTERDAM;15.267549280094412;15.296;Backhand;;3;Backhand
20231015_AMSTERDAM_08;20231015_AMSTERDAM;16.911854541699448;;Other;;;
20231102_MENORCA_00;20231102_MENORCA;0.3977970102281669;0.3413333333333333;Serve;;4;Serve
20231102_MENORCA_00;20231102_MENORCA;1.4121793863099923;1.4293333333333333;Backhand;;2;Backhand
20231102_MENORCA_00;20231102_MENORCA;2.267442958300551;2.24;Forehand;;4;Forehand
20231102_MENORCA_00;20231102_MENORCA;3.71940204563336;3.6693333333333333;Backhand;;2;Backhand
20231102_MENORCA_00;20231102_MENORCA;5.012242328874902;5.034666666666666;Smash;;4;Forehand
20231102_MENORCA_00;20231102_MENORCA;5.3901494885916605;5.44;Backhand;;4;Forehand
20231102_MENORCA_00;20231102_MENORCA;6.583540519276161;6.613333333333333;Backhand;;4;Backhand
20231102_MENORCA_00;20231102_MENORCA;7.6377025963808025;;Backhand;;;
20231102_MENORCA_00;20231102_MENORCA;8.652084972462628;8.618666666666666;Forehand;;4;Forehand
20231102_MENORCA_00;20231102_MENORCA;9.984704956726986;9.92;Forehand;;1;Forehand
20231102_MENORCA_00;20231102_MENORCA;12.908512981904014;12.864;Forehand;;4;Forehand
20231102_MENORCA_00;20231102_MENORCA;14.300802517702596;;Forehand;;;
20231102_MENORCA_00;20231102_MENORCA;15.076506687647523;15.125333333333334;Backhand;;4;Backhand
20231102_MENORCA_00;20231102_MENORCA;16.747254130605825;16.746666666666666;Backhand;;1;Backhand
20231102_MENORCA_00;20231102_MENORCA;17.483178599527932;17.408;Backhand;;3;Backhand
20231102_MENORCA_00;20231102_MENORCA;18.457781274586942;18.517333333333333;Forehand;;1;Forehand
20231102_MENORCA_00;20231102_MENORCA;20.884343036978755;20.82133333333333;Smash;;3;Smash
20231102_MENORCA_00;20231102_MENORCA;21.858945712037766;21.845333333333333;Forehand;;1;Forehand
20231102_MENORCA_00;20231102_MENORCA;22.91310778914241;22.933333333333334;Backhand;;3;Backhand
20231102_MENORCA_00;20231102_MENORCA;23.27112509834776;23.27466666666667;Backhand;;2;Backhand
20231102_MENORCA_00;20231102_MENORCA;23.788261211644375;23.808;Smash;;4;Backhand
20231102_MENORCA_00;20231102_MENORCA;24.742974036191974;24.704;Backhand;;2;Backhand
20231102_MENORCA_00;20231102_MENORCA;25.956254917387888;;Forehand;;;
20231102_MENORCA_00;20231102_MENORCA;26.274492525570416;;Other;;;
20231102_MENORCA_00;20231102_MENORCA;28.144138473642805;28.16;Smash;;2;Smash
20231102_MENORCA_00;20231102_MENORCA;29.75521636506688;29.738666666666667;Forehand;;4;Forehand
20231102_MENORCA_00;20231102_MENORCA;32.16188827694729;32.128;Smash;;2;Smash
20231102_MENORCA_00;20231102_MENORCA;33.29560975609756;33.28;Backhand;;4;Backhand
20231102_MENORCA_00;20231102_MENORCA;34.17076317859953;34.112;Backhand;;2;Backhand
20231102_MENORCA_00;20231102_MENORCA;35.74206136900079;35.754666666666665;Forehand;;4;Backhand
20231102_MENORCA_00;20231102_MENORCA;38.367521636506694;;Other;;;
20231102_MENORCA_00;20231102_MENORCA;39.739921321793865;39.70133333333333;Smash;;1;Smash
20231102_MENORCA_00;20231102_MENORCA;40.31672698662471;40.32;Forehand;;2;Smash
20231102_MENORCA_00;20231102_MENORCA;41.21177025963809;41.17333333333333;Forehand;;1;Forehand
20231102_MENORCA_00;20231102_MENORCA;41.92780487804878;41.898666666666664;Backhand;;4;Forehand
20231102_MENORCA_00;20231102_MENORCA;43.320094413847364;43.328;Forehand;;1;Forehand
20231102_MENORCA_00;20231102_MENORCA;44.652714398111726;44.650666666666666;Smash;;4;Smash
20231102_MENORCA_00;20231102_MENORCA;45.98533438237608;45.99466666666667;Forehand;;1;Backhand
20231102_MENORCA_00;20231102_MENORCA;48.61079464988198;48.576;Smash;;3;Smash
20231102_MENORCA_01;20231102_MENORCA;0.6664778343823761;0.6613333333333333;Serve;;3;Serve
20231102_MENORCA_01;20231102_MENORCA;1.8851801601101494;1.856;Backhand;;1;Backhand
20231102_MENORCA_01;20231102_MENORCA;4.075035901652242;4.010666666666666;Smash;;1;Smash
20231102_MENORCA_01;20231102_MENORCA;4.646302616837136;4.544;Backhand;;2;Backhand
20231102_MENORCA_01;20231102_MENORCA;5.3508648988985055;5.376;Forehand;;3;Forehand
20231102_MENORCA_01;20231102_MENORCA;6.569567224626278;6.592;Forehand;;1;Forehand
20231102_MENORCA_01;20231102_MENORCA;10.339927544846578;10.304;Smash;;3;Smash
20231102_MENORCA_01;20231102_MENORCA;10.949278707710466;10.816;Forehand;;1;Forehand
20231102_MENORCA_01;20231102_MENORCA;11.88234767584579;11.925333333333333;Forehand;;4;Forehand
20231102_MENORCA_01;20231102_MENORCA;13.215303344610543;13.269333333333334;Smash;;1;Smash
20231102_MENORCA_01;20231102_MENORCA;14.700596804091267;14.698666666666666;Forehand;;4;Forehand
20231102_MENORCA_01;20231102_MENORCA;15.367074638473643;15.338666666666667;Forehand;;2;Forehand
20231102_MENORCA_01;20231102_MENORCA;16.204932487411487;16.213333333333335;Forehand;;4;Forehand
20231102_MENORCA_01;20231102_MENORCA;16.87141032179386;16.874666666666666;Backhand;;2;Backhand
20231102_MENORCA_01;20231102_MENORCA;17.86160596144768;17.877333333333333;Backhand;;1;Backhand
20231102_MENORCA_01;20231102_MENORCA;19.232646077891424;19.157333333333334;Smash;;2;Smash
20231102_MENORCA_01;20231102_MENORCA;19.765828345397324;19.733333333333334;Forehand;;4;Forehand
20231102_MENORCA_01;20231102_MENORCA;20.603686194335168;20.565333333333335;Backhand;;2;Backhand
20231102_MENORCA_01;20231102_MENORCA;23.155344188827694;23.168;Forehand;;4;Forehand
20231102_MENORCA_01;20231102_MENORCA;24.14553982848151;24.106666666666666;Backhand;;2;Forehand
20231102_MENORCA_01;20231102_MENORCA;25.249988811172305;25.216;Forehand;;3;Forehand
20231102_MENORCA_01;20231102_MENORCA;27.230380090479937;27.2;Smash;;2;Smash
20231102_MENORCA_01;20231102_MENORCA;28.372913520849725;28.288;Backhand;;4;Backhand
20231102_MENORCA_01;20231102_MENORCA;29.97246032336743;29.909333333333333;Backhand;;2;Backhand
20231102_MENORCA_01;20231102_MENORCA;30.48660036703383;30.442666666666668;Backhand;;4;Backhand
20231102_MENORCA_01;20231102_MENORCA;32.14327384107003;32.128;Backhand;;2;Backhand
20231102_MENORCA_01;20231102_MENORCA;32.61932943705743;32.576;Backhand;;3;Forehand
20231102_MENORCA_01;20231102_MENORCA;33.8761162104642;33.834666666666664;Smash;;1;Smash
20231102_MENORCA_01;20231102_MENORCA;35.53278968450039;35.562666666666665;Backhand;;3;Backhand
20231102_MENORCA_01;20231102_MENORCA;36.42777420495672;36.437333333333335;Backhand;;1;Backhand
20231102_MENORCA_01;20231102_MENORCA;37.589349859166006;37.568;Forehand;;4;Forehand
20231102_MENORCA_01;20231102_MENORCA;39.683994481510624;39.68;Smash;;2;Smash
20231102_MENORCA_01;20231102_MENORCA;40.141007853658536;40.10666666666667;Backhand;;3;Backhand
20231102_MENORCA_01;20231102_MENORCA;40.82652791188041;40.74666666666667;Backhand;;1;Backhand
20231102_MENORCA_01;20231102_MENORCA;42.407032490558606;42.368;Forehand;;4;Forehand
20231102_MENORCA_01;20231102_MENORCA;45.20623939496459;45.184;Forehand;;1;Backhand
20231102_MENORCA_01;20231102_MENORCA;45.73942166247049;45.73866666666667;Backhand;;4;Forehand
20231102_MENORCA_01;20231102_MENORCA;46.501110616050354;46.4;Backhand;;2;Backhand
20231102_MENORCA_02;20231102_MENORCA;1.7390107419354839;1.7493333333333334;Serve;;4;Serve
20231102_MENORCA_02;20231102_MENORCA;3.2235321070023604;3.1573333333333333;Backhand;;2;Backhand
20231102_MENORCA_02;20231102_MENORCA;5.344276914240755;5.269333333333333;Smash;;1;Smash
20231102_MENORCA_02;20231102_MENORCA;6.9348355196695515;6.890666666666666;Backhand;;2;Backhand
20231102_MENORCA_02;20231102_MENORCA;8.334527092446892;8.341333333333333;Smash;;3;Smash
20231102_MENORCA_02;20231102_MENORCA;9.543351632572776;9.514666666666667;Forehand;;1;Forehand
20231102_MENORCA_02;20231102_MENORCA;10.858213413060582;10.901333333333334;Smash;;2;Smash
20231102_MENORCA_02;20231102_MENORCA;12.491186914634145;12.394666666666666;Forehand;;1;Forehand
20231102_MENORCA_02;20231102_MENORCA;15.73592646970889;15.808;Smash;;4;Backhand
20231102_MENORCA_02;20231102_MENORCA;16.39335735995279;16.277333333333335;Forehand;;1;Backhand
20231102_MENORCA_02;20231102_MENORCA;17.49614465971676;17.344;Backhand;;4;Backhand
20231102_MENORCA_02;20231102_MENORCA;19.57447457081038;19.498666666666665;Smash;;1;Smash
20231102_MENORCA_02;20231102_MENORCA;21.504352345397322;21.354666666666667;Forehand;;4;Forehand
20231102_MENORCA_02;20231102_MENORCA;23.15853329504327;23.104;Smash;;1;Smash
20231102_MENORCA_02;20231102_MENORCA;23.81596418528717;23.850666666666665;Backhand;;3;Backhand
20231102_MENORCA_02;20231102_MENORCA;24.558224867820613;24.554666666666666;Smash;;2;Backhand
20231102_MENORCA_02;20231102_MENORCA;25.788256856018883;25.728;Other;;4;Forehand
20231102_MENORCA_02;20231102_MENORCA;26.63655477891424;26.666666666666668;Backhand;;2;Backhand
20231102_MENORCA_02;20231102_MENORCA;28.290735728560186;28.245333333333335;Backhand;;3;Backhand
20231102_MENORCA_02;20231102_MENORCA;29.923709230133753;29.888;Smash;;2;Smash
20231102_MENORCA_02;20231102_MENORCA;31.53547528363493;31.637333333333334;Backhand;;3;Backhand
20231102_MENORCA_02;20231102_MENORCA;32.6382625833989;32.576;Forehand;;2;Forehand
20231102_MENORCA_02;20231102_MENORCA;33.698634987018096;33.68533333333333;Backhand;;4;Backhand
20231102_MENORCA_02;20231102_MENORCA;34.33485842918961;34.368;Forehand;;2;Forehand
20231102_MENORCA_02;20231102_MENORCA;35.267986144374504;35.242666666666665;Backhand;;3;Backhand
20231102_MENORCA_02;20231102_MENORCA;37.812879913060584;37.80266666666667;Forehand;;1;Forehand
20231102_MENORCA_02;20231102_MENORCA;38.5763480436664;38.528;Forehand;;4;Backhand
20231102_MENORCA_02;20231102_MENORCA;39.53068320692368;39.50933333333333;Backhand;;1;Forehand
20231102_MENORCA_02;20231102_MENORCA;40.8243375393391;40.81066666666667;Smash;;4;Smash
20231102_MENORCA_02;20231102_MENORCA;42.13919931982691;;Backhand;;;
20231102_MENORCA_02;20231102_MENORCA;44.238736678992915;44.224;Smash;;3;Smash
20231102_MENORCA_02;20231102_MENORCA;45.80808783634933;45.717333333333336;Forehand;;2;Forehand
20231102_MENORCA_02;20231102_MENORCA;48.3529816050354;48.36266666666667;Forehand;;4;Backhand
20231102_MENORCA_02;20231102_MENORCA;48.967997599134534;48.87466666666667;Forehand;;2;Forehand
20231102_MENORCA_02;20231102_MENORCA;50.304066827694726;50.32533333333333;Forehand;;4;Forehand
20231102_MENORCA_02;20231102_MENORCA;51.76738074468922;51.648;Smash;;2;Smash
20231102_MENORCA_03;20231102_MENORCA;1.3126377863886702;1.3013333333333332;Serve;;4;Serve
20231102_MENORCA_03;20231102_MENORCA;2.374730601101495;2.3893333333333335;Forehand;;1;Forehand
20231102_MENORCA_03;20231102_MENORCA;4.183011701022817;4.181333333333333;Smash;;4;Smash
20231102_MENORCA_03;20231102_MENORCA;4.836607279307632;4.8853333333333335;Backhand;;2;Backhand
20231102_MENORCA_03;20231102_MENORCA;5.718961309992132;5.717333333333333;Backhand;;3;Backhand
20231102_MENORCA_03;20231102_MENORCA;6.535955782848152;6.549333333333333;Backhand;;2;Backhand
20231102_MENORCA_03;20231102_MENORCA;7.799573900865461;7.808;Smash;;3;Backhand
20231102_MENORCA_03;20231102_MENORCA;11.350776542879622;;Backhand;;;
20231102_MENORCA_04;20231102_MENORCA;0.6739889811172305;0.6613333333333333;Serve;;3;Serve
20231102_MENORCA_04;20231102_MENORCA;2.044433242722266;2.026666666666667;Backhand;;2;Backhand
20231102_MENORCA_04;20231102_MENORCA;3.5721415999213217;3.52;Smash;;3;Smash
20231102_MENORCA_04;20231102_MENORCA;4.470793574744295;4.373333333333333;Backhand;;2;Backhand
20231102_MENORCA_04;20231102_MENORCA;5.414378148308419;5.354666666666667;Forehand;;1;Backhand
20231102_MENORCA_04;20231102_MENORCA;7.885671079071598;7.872;Forehand;;1;Forehand
20231102_MENORCA_04;20231102_MENORCA;9.817772824940992;9.813333333333333;Smash;;1;Smash
20231102_MENORCA_04;20231102_MENORCA;11.210683385916601;11.093333333333334;Backhand;;2;Backhand
20231102_MENORCA_04;20231102_MENORCA;12.738391743115656;12.736;Smash;;4;Smash
20231102_MENORCA_04;20231102_MENORCA;14.51322939339103;14.549333333333333;Backhand;;2;Forehand
20231102_MENORCA_04;20231102_MENORCA;16.3779322411487;;Other;;;
20231102_MENORCA_04;20231102_MENORCA;17.41138201219512;17.386666666666667;Forehand;;1;Forehand
20231102_MENORCA_04;20231102_MENORCA;18.759359974429586;18.688;Smash;;1;Smash
20231102_MENORCA_04;20231102_MENORCA;19.61307935051141;19.562666666666665;Forehand;;4;Forehand
20231102_MENORCA_04;20231102_MENORCA;20.713928019669552;20.672;Smash;;1;Smash
20231102_MENORCA_04;20231102_MENORCA;21.500248497639653;21.44;Forehand;;4;Forehand
20231102_MENORCA_04;20231102_MENORCA;22.646029765538948;22.656;Smash;;1;Smash
20231102_MENORCA_04;20231102_MENORCA;23.54468174036192;23.530666666666665;Forehand;;4;Forehand
20231102_MENORCA_04;20231102_MENORCA;24.57813151140834;24.576;Forehand;;1;Forehand
20231102_MENORCA_04;20231102_MENORCA;25.678980180566484;25.6;Forehand;;4;Forehand
20231102_MENORCA_04;20231102_MENORCA;27.026958142800943;27.008;Smash;;1;Smash
20231102_MENORCA_04;20231102_MENORCA;28.577132799370574;28.544;Forehand;;2;Forehand
20231102_MENORCA_04;20231102_MENORCA;30.531700844610548;30.528;Smash;;1;Smash
20231102_MENORCA_04;20231102_MENORCA;31.407886520062938;31.381333333333334;Backhand;;2;Forehand
20231102_MENORCA_04;20231102_MENORCA;32.216673297403624;32.192;Forehand;;1;Forehand
20231102_MENORCA_04;20231102_MENORCA;33.766847953973254;33.792;Forehand;;4;Forehand
20231102_MENORCA_04;20231102_MENORCA;36.37293868095988;36.330666666666666;Forehand;;4;Smash
20231102_MENORCA_04;20231102_MENORCA;37.13679285955941;37.09866666666667;Forehand;;4;Forehand
20231102_MENORCA_04;20231102_MENORCA;38.21517522934697;38.12266666666667;Backhand;;2;Backhand
20231102_MENORCA_04;20231102_MENORCA;39.47328799409914;39.40266666666667;Smash;;4;Smash
20231102_MENORCA_04;20231102_MENORCA;40.8212659563336;40.74666666666667;Forehand;;1;Forehand
20231102_MENORCA_04;20231102_MENORCA;43.40489038394965;43.413333333333334;Forehand;;3;Forehand
20231102_MENORCA_04;20231102_MENORCA;44.97753133988985;44.970666666666666;Smash;;2;Smash
20231102_MENORCA_04;20231102_MENORCA;46.10084630841857;46.037333333333336;Forehand;;3;Backhand
20231102_MENORCA_04;20231102_MENORCA;46.954565684500395;46.912;Backhand;;2;Backhand
20231102_MENORCA_04;20231102_MENORCA;48.010481754917386;48.02133333333333;Smash;;4;Smash
20231102_MENORCA_04;20231102_MENORCA;49.628055309598736;49.664;Backhand;;1;Backhand
20231102_MENORCA_04;20231102_MENORCA;51.178229966168374;51.2;Smash;;2;Smash
20231102_MENORCA_04;20231102_MENORCA;51.650022252950436;51.648;Backhand;;2;Backhand
20231102_MENORCA_04;20231102_MENORCA;52.34647753343824;52.352;Smash;;2;Backhand
20231102_MENORCA_04;20231102_MENORCA;52.818269820220294;52.778666666666666;Backhand;;2;Backhand
20231102_MENORCA_04;20231102_MENORCA;53.312528406372934;53.248;Forehand;;2;Forehand
20231102_MENORCA_04;20231102_MENORCA;53.62705659756098;53.589333333333336;Backhand;;2;Backhand
20231102_MENORCA_04;20231102_MENORCA;54.16624778245476;54.144;Forehand;;2;Backhand
20231102_MENORCA_05;20231102_MENORCA;0.8213809910657308;0.7893333333333333;Serve;;2;Serve
20231102_MENORCA_05;20231102_MENORCA;1.937616696873006;1.8986666666666667;Backhand;;4;Backhand
20231102_MENORCA_05;20231102_MENORCA;2.8011197900446714;2.7733333333333334;Forehand;;2;Forehand
20231102_MENORCA_05;20231102_MENORCA;4.18061863401404;4.16;Forehand;;3;Forehand
20231102_MENORCA_05;20231102_MENORCA;5.760197462986599;5.717333333333333;Smash;;1;Smash
20231102_MENORCA_05;20231102_MENORCA;7.3608373430121254;7.36;Forehand;;4;Forehand
20231102_MENORCA_05;20231102_MENORCA;9.456411922782387;9.408;Smash;;1;Smash
20231102_MENORCA_05;20231102_MENORCA;9.982938199106574;9.941333333333333;Forehand;;4;Forehand
20231102_MENORCA_05;20231102_MENORCA;10.93068549649011;10.922666666666666;Forehand;;1;Forehand
20231102_MENORCA_05;20231102_MENORCA;13.479072673899172;13.461333333333334;Smash;;3;Smash
20231102_MENORCA_05;20231102_MENORCA;15.185017809189535;15.189333333333334;Backhand;;2;Backhand
20231102_MENORCA_05;20231102_MENORCA;16.880432418953415;16.874666666666666;Smash;;3;Smash
20231102_MENORCA_05;20231102_MENORCA;18.702213335035097;18.666666666666668;Forehand;;1;Forehand
20231102_MENORCA_05;20231102_MENORCA;19.881632194001277;19.818666666666665;Smash;;4;Smash
20231102_MENORCA_05;20231102_MENORCA;20.54505530216975;20.565333333333335;Backhand;;4;Backhand
20231102_MENORCA_05;20231102_MENORCA;21.27166156349713;21.226666666666667;Backhand;;4;Backhand
20231102_MENORCA_05;20231102_MENORCA;24.32551396617741;24.32;Smash;;2;Smash
20231102_MENORCA_05;20231102_MENORCA;24.999467599872368;;Forehand;;;
20231102_MENORCA_05;20231102_MENORCA;26.631699056477345;26.624;Backhand;;3;Backhand
20231102_MENORCA_05;20231102_MENORCA;27.432018996490108;27.413333333333334;Forehand;;1;Forehand
20231102_MENORCA_05;20231102_MENORCA;28.337644191767712;28.330666666666666;Forehand;;3;Forehand
20231102_MENORCA_05;20231102_MENORCA;28.737804161774093;28.736;Forehand;;1;Forehand
20231112_MALMO_00;20231112_MALMO;0.7674209350904799;0.7253333333333334;Serve;;2;Serve
20231112_MALMO_00;20231112_MALMO;2.1969305200629425;2.1973333333333334;Backhand;;4;Backhand
20231112_MALMO_00;20231112_MALMO;5.251566791109363;5.184;Forehand;;2;Forehand
20231112_MALMO_00;20231112_MALMO;7.403354903225807;7.189333333333333;Smash;;3;Smash
20231112_MALMO_00;20231112_MALMO;9.013434119984264;9.002666666666666;Forehand;;2;Forehand
20231112_MALMO_00;20231112_MALMO;10.638560806058223;10.602666666666666;Smash;;1;Smash
20231112_MALMO_00;20231112_MALMO;12.338924838709676;12.352;Forehand;;2;Forehand
20231112_MALMO_00;20231112_MALMO;13.79852936231314;13.76;Smash;;1;Smash
20231112_MALMO_00;20231112_MALMO;15.483845925649096;15.445333333333334;Forehand;;1;Forehand
20231112_MALMO_00;20231112_MALMO;16.687643470889064;16.704;Smash;;3;Smash
20231112_MALMO_00;20231112_MALMO;18.86952652163651;18.88;Forehand;;2;Forehand
20231112_MALMO_00;20231112_MALMO;20.50970067702596;20.565333333333335;Smash;;1;Smash
20231112_MALMO_00;20231112_MALMO;21.17178932690795;21.184;Backhand;;2;Backhand
20231112_MALMO_00;20231112_MALMO;22.556156503933913;22.570666666666668;Smash;;4;Smash
20231112_MALMO_00;20231112_MALMO;23.925476211644373;23.872;Backhand;;1;Backhand
20231112_MALMO_00;20231112_MALMO;25.731172529504327;25.728;Smash;;4;Smash
20231112_MALMO_00;20231112_MALMO;26.649068157749802;26.645333333333333;Forehand;;1;Forehand
20231112_MALMO_00;20231112_MALMO;27.326204276947287;27.370666666666665;Backhand;;4;Backhand
20231112_MALMO_00;20231112_MALMO;28.530001822187252;28.544;Backhand;;1;Backhand
20231112_MALMO_00;20231112_MALMO;30.26046079346971;30.293333333333333;Smash;;3;Smash
20231112_MALMO_00;20231112_MALMO;31.268641237608183;31.296;Backhand;;2;Backhand
20231112_MALMO_00;20231112_MALMO;32.02101470338316;32.02133333333333;Backhand;;3;Backhand
20231112_MALMO_00;20231112_MALMO;32.96900527025964;32.98133333333333;Forehand;;2;Forehand
20231112_MALMO_00;20231112_MALMO;34.985366158536586;34.944;Smash;;3;Smash
20231112_MALMO_00;20231112_MALMO;;3.648;;;2;Smash
20231112_MALMO_00;20231112_MALMO;;7.381333333333333;;;3;Smash
20231112_MALMO_00;20231112_MALMO;;14.058666666666667;;;1;Forehand
20231112_MALMO_00;20231112_MALMO;;17.472;;;1;Smash
20231112_MALMO_01;20231112_MALMO;0.6038136566687939;0.64;Serve;;4;Serve
20231112_MALMO_01;20231112_MALMO;1.7173401403956605;1.728;Forehand;;1;Forehand
20231112_MALMO_01;20231112_MALMO;3.2503994894703254;3.2853333333333334;Smash;;4;Smash
20231112_MALMO_01;20231112_MALMO;4.677595405232929;4.714666666666667;Backhand;;2;Backhand
20231112_MALMO_01;20231112_MALMO;7.077166560306318;7.104;Smash;;3;Smash
20231112_MALMO_01;20231112_MALMO;8.621988513082323;8.661333333333333;Backhand;;1;Backhand
20231112_MALMO_01;20231112_MALMO;9.261089980855136;9.28;Backhand;;4;Forehand
20231112_MALMO_01;20231112_MALMO;;5.802666666666667;;;;
20231112_MALMO_02;20231112_MALMO;0.9905900865460269;0.9173333333333333;Serve;;2;Serve
20231112_MALMO_02;20231112_MALMO;2.3036978756884343;2.2613333333333334;Backhand;;3;Backhand
20231112_MALMO_02;20231112_MALMO;2.879622344610543;2.9013333333333335;Other;;1;Smash
20231112_MALMO_02;20231112_MALMO;3.962360346184107;4.032;Smash;;2;Smash
20231112_MALMO_02;20231112_MALMO;4.837765538945712;4.8;Backhand;;3;Backhand
20231112_MALMO_02;20231112_MALMO;6.404280094413847;6.4;Smash;;1;Smash
20231112_MALMO_02;20231112_MALMO;7.2336113296616835;7.232;Backhand;;3;Backhand
20231112_MALMO_02;20231112_MALMO;7.947757671125098;7.936;Backhand;;1;Backhand
20231112_MALMO_02;20231112_MALMO;9.283902439024391;9.194666666666667;Backhand;;4;Backhand
20231112_MALMO_02;20231112_MALMO;9.859826907946498;9.834666666666667;Backhand;;2;Backhand
20231112_MALMO_02;20231112_MALMO;11.311156569630212;11.306666666666667;Forehand;;4;Forehand
20231112_MALMO_02;20231112_MALMO;11.88708103855232;11.882666666666667;Backhand;;2;Backhand
20231112_MALMO_02;20231112_MALMO;12.83159716758458;12.842666666666666;Forehand;;3;Forehand
20231112_MALMO_02;20231112_MALMO;15.68818253343824;15.530666666666667;Other;;2;Smash
20231112_MALMO_02;20231112_MALMO;16.932179386309993;17.002666666666666;Forehand;;2;Forehand
20231112_MALMO_02;20231112_MALMO;19.973060582218725;19.882666666666665;Smash;;4;Smash
20231112_MALMO_02;20231112_MALMO;21.032761605035404;20.949333333333332;Backhand;;2;Backhand
20231112_MALMO_02;20231112_MALMO;22.34586939417781;22.272;Smash;;4;Smash
20231112_MALMO_02;20231112_MALMO;23.313422501966954;23.232;Backhand;;1;Backhand
20231112_MALMO_02;20231112_MALMO;24.603493312352477;24.64;Smash;;4;Smash
20231112_MALMO_02;20231112_MALMO;25.732305271439813;25.728;Backhand;;1;Backhand
20231112_MALMO_02;20231112_MALMO;27.022376081825335;27.072;Forehand;;4;Backhand
20231112_MALMO_02;20231112_MALMO;28.51977970102282;28.501333333333335;Smash;;2;Smash
20231112_MALMO_02;20231112_MALMO;29.90199842643588;29.866666666666667;Forehand;;3;Forehand
20231112_MALMO_02;20231112_MALMO;31.79103068450039;31.765333333333334;Smash;;2;Smash
20231112_MALMO_02;20231112_MALMO;33.28843430369788;33.19466666666667;Backhand;;3;Backhand
20231112_MALMO_02;20231112_MALMO;34.67065302911094;;Smash;;;
20231112_MALMO_02;20231112_MALMO;35.70731707317073;35.669333333333334;Forehand;;4;Forehand
20231112_MALMO_02;20231112_MALMO;37.57331235247837;37.589333333333336;Smash;;1;Smash
20231112_MALMO_02;20231112_MALMO;38.310495672698664;38.18666666666667;Forehand;;4;Forehand
20231112_MALMO_02;20231112_MALMO;39.78486231313926;39.78666666666667;Other;;1;Smash
20231112_MALMO_02;20231112_MALMO;41.07493312352479;40.96;Backhand;;1;Backhand
20231112_MALMO_02;20231112_MALMO;44.23099921321794;44.16;Smash;;4;Forehand
20231112_MALMO_02;20231112_MALMO;44.94514555468136;;Other;;;
20231112_MALMO_02;20231112_MALMO;46.21217938631;46.35733333333334;Forehand;;2;Forehand
20231112_MALMO_02;20231112_MALMO;46.62684500393391;46.592;Other;;2;Forehand
20231112_MALMO_02;20231112_MALMO;47.68654602675059;47.70133333333333;Forehand;;4;Forehand
20231112_MALMO_02;20231112_MALMO;48.46980330448466;48.448;Backhand;;2;Backhand
20231112_MALMO_02;20231112_MALMO;50.934760031471285;50.922666666666665;Backhand;;4;Forehand
20231112_MALMO_02;20231112_MALMO;52.29394177812746;52.266666666666666;Smash;;1;Smash
20231112_MALMO_02;20231112_MALMO;52.731644374508264;52.736;Backhand;;3;Backhand
20231112_MALMO_02;20231112_MALMO;54.13690007867821;54.18666666666667;Forehand;;2;Forehand
20231112_MALMO_02;20231112_MALMO;54.966231313926045;54.93333333333333;Backhand;;4;Backhand
20231112_MALMO_02;20231112_MALMO;55.772525570417;55.78666666666667;Forehand;;1;Forehand
20231112_MALMO_02;20231112_MALMO;;6.976;;;3;Forehand
20231112_MALMO_02;20231112_MALMO;;24.917333333333332;;;4;Smash
20231112_MALMO_02;20231112_MALMO;;34.38933333333333;;;1;Smash
20231112_MALMO_02;20231112_MALMO;;36.992;;;1;Smash
20231112_MALMO_02;20231112_MALMO;;44.693333333333335;;;2;Forehand
20231112_MALMO_02;20231112_MALMO;;45.93066666666667;;;3;Backhand
20231112_MALMO_02;20231112_MALMO;;55.21066666666667;;;1;Forehand
20231112_MALMO_02;20231112_MALMO;;56.29866666666667;;;3;Smash
20231112_MALMO_03;20231112_MALMO;0.7291014948859166;0.704;Serve;;2;Serve
20231112_MALMO_03;20231112_MALMO;1.7706750590086546;1.7493333333333334;Backhand;;3;Backhand
20231112_MALMO_03;20231112_MALMO;3.6901463414634144;3.6693333333333333;Smash;;2;Smash
20231112_MALMO_03;20231112_MALMO;5.207867820613689;;Backhand;;;
20231112_MALMO_03;20231112_MALMO;6.3833579858379235;6.4;Smash;;1;Smash
20231112_MALMO_03;20231112_MALMO;8.020116443745081;7.936;Backhand;;4;Backhand
20231112_MALMO_03;20231112_MALMO;10.490133752950431;10.517333333333333;Forehand;;2;Forehand
20231112_MALMO_03;20231112_MALMO;12.022734854445318;12.010666666666667;Smash;;1;Smash
20231112_MALMO_03;20231112_MALMO;12.558401258851298;12.629333333333333;Backhand;;2;Backhand
20231112_MALMO_03;20231112_MALMO;13.64461369000787;13.696;Backhand;;3;Forehand
20231112_MALMO_03;20231112_MALMO;15.162335169158142;15.168;Smash;;2;Smash
20231112_MALMO_03;20231112_MALMO;16.903250983477577;16.896;Forehand;;3;Forehand
20231112_MALMO_03;20231112_MALMO;19.626221872541308;;Other;;;
20231112_MALMO_03;20231112_MALMO;20.905869394177813;20.906666666666666;Forehand;;2;Forehand
20231112_MALMO_03;20231112_MALMO;23.01877576711251;;Other;;;
20231112_MALMO_03;20231112_MALMO;24.343062155782846;24.405333333333335;Smash;;3;Smash
20231112_MALMO_03;20231112_MALMO;24.863848937844217;24.832;Backhand;;2;Backhand
20231112_MALMO_03;20231112_MALMO;25.667348544453183;25.642666666666667;Backhand;;4;Backhand
20231112_MALMO_03;20231112_MALMO;26.203014948859167;26.176;Forehand;;1;Forehand
20231112_MALMO_03;20231112_MALMO;26.798199842643587;26.816;Backhand;;3;Backhand
20231112_MALMO_03;20231112_MALMO;27.348745869394175;27.349333333333334;Forehand;;1;Forehand
20231112_MALMO_03;20231112_MALMO;28.702791502753733;28.672;Smash;;4;Smash
20231112_MALMO_03;20231112_MALMO;29.833642800944137;29.802666666666667;Other;;2;Forehand
20231112_MALMO_03;20231112_MALMO;32.03582690794649;32.08533333333333;Smash;;4;Smash
20231112_MALMO_03;20231112_MALMO;33.50890952006294;33.536;Forehand;;1;Forehand
20231112_MALMO_03;20231112_MALMO;34.28264988198269;34.304;Forehand;;3;Forehand
20231112_MALMO_03;20231112_MALMO;35.97892682926829;35.968;Other;;3;Backhand
20231112_MALMO_03;20231112_MALMO;;36.288;;;3;Forehand
20231112_MALMO_04;20231112_MALMO;0.7050322580645162;0.6826666666666666;Serve;;3;Serve
20231112_MALMO_04;20231112_MALMO;1.9431376868607397;1.92;Backhand;;2;Backhand
20231112_MALMO_04;20231112_MALMO;3.6455326514555475;3.6266666666666665;Smash;;4;Smash
20231112_MALMO_04;20231112_MALMO;5.141576711250984;5.0986666666666665;Forehand;;1;Forehand
20231112_MALMO_04;20231112_MALMO;6.843971675845792;6.848;Smash;;4;Smash
20231112_MALMO_04;20231112_MALMO;8.37440755310779;8.362666666666666;Forehand;;1;Forehand
20231112_MALMO_04;20231112_MALMO;9.234202989771834;9.237333333333334;Other;;4;Smash
20231112_MALMO_04;20231112_MALMO;10.11119433516916;10.048;Smash;;3;Smash
20231112_MALMO_04;20231112_MALMO;10.781834775767113;;Backhand;;;
20231112_MALMO_04;20231112_MALMO;12.5014256490952;12.458666666666666;Backhand;;3;Backhand
20231112_MALMO_04;20231112_MALMO;13.498788355625493;13.44;Backhand;;1;Backhand
20231112_MALMO_04;20231112_MALMO;15.183987411487019;15.168;Smash;;4;Smash
20231112_MALMO_04;20231112_MALMO;15.631081038552322;15.594666666666667;Backhand;;2;Backhand
20231112_MALMO_04;20231112_MALMO;16.473680566483083;16.490666666666666;Backhand;;3;Backhand
20231112_MALMO_04;20231112_MALMO;17.539826907946498;17.578666666666667;Forehand;;1;Forehand
20231112_MALMO_04;20231112_MALMO;19.603335955940203;19.626666666666665;Smash;;4;Smash
20231112_MALMO_04;20231112_MALMO;21.219751376868608;21.184;Forehand;;1;Forehand
20231112_MALMO_04;20231112_MALMO;22.75018725413061;22.805333333333333;Smash;;4;Smash
20231112_MALMO_04;20231112_MALMO;23.214476789929194;23.189333333333334;Backhand;;2;Backhand
20231112_MALMO_04;20231112_MALMO;23.833529504327302;23.808;Forehand;;3;Forehand
20231112_MALMO_04;20231112_MALMO;25.467140833988985;;Other;;;
20231112_MALMO_04;20231112_MALMO;26.361328088119592;26.389333333333333;Smash;;4;Smash
20231112_MALMO_04;20231112_MALMO;27.10075216365067;27.029333333333334;Backhand;;2;Backhand
20231112_MALMO_04;20231112_MALMO;27.943351691581434;27.925333333333334;Forehand;;4;Forehand
20231112_MALMO_04;20231112_MALMO;29.078281667977972;29.141333333333332;Backhand;;1;Backhand
20231112_MALMO_04;20231112_MALMO;30.643109362706532;30.656;Smash;;4;Smash
20231112_MALMO_04;20231112_MALMO;31.382533438237612;31.381333333333334;Forehand;;1;Forehand
20231112_MALMO_04;20231112_MALMO;32.12195751376869;32.128;Forehand;;4;Forehand
20231112_MALMO_04;20231112_MALMO;32.758206136900085;32.768;Backhand;;2;Backhand
20231112_MALMO_04;20231112_MALMO;33.29127930763179;33.23733333333333;Forehand;;4;Forehand
20231112_MALMO_04;20231112_MALMO;35.04526199842644;34.88;Forehand;;1;Forehand
20231112_MALMO_04;20231112_MALMO;35.61272698662471;35.605333333333334;Other;;1;Smash
20231112_MALMO_04;20231112_MALMO;36.76485287175453;36.821333333333335;Smash;;4;Smash
20231112_MALMO_04;20231112_MALMO;37.96856648308419;37.99466666666667;Backhand;;1;Backhand
20231112_MALMO_04;20231112_MALMO;40.04927143981118;40.0;Smash;;4;Smash
20231112_MALMO_04;20231112_MALMO;;5.781333333333333;;;2;Smash
20231112_MALMO_04;20231112_MALMO;;11.328;;;2;Backhand
20231112_MALMO_04;20231112_MALMO;;35.050666666666665;;;1;Forehand
20231112_MALMO_04;20231112_MALMO;;38.29333333333334;;;1;Smash
20231112_MALMO_05;20231112_MALMO;0.8766136734854446;0.896;Serve;;2;Serve
20231112_MALMO_05;20231112_MALMO;1.9689021396538158;2.005333333333333;Backhand;;3;Backhand
20231112_MALMO_05;20231112_MALMO;2.636798271833202;2.6666666666666665;Forehand;;1;Forehand
20231112_MALMO_05;20231112_MALMO;3.631685218725413;3.7333333333333334;Forehand;;4;Forehand
20231112_MALMO_05;20231112_MALMO;4.529170646341464;4.522666666666667;Backhand;;2;Backhand
20231112_MALMO_05;20231112_MALMO;5.6284163638867035;5.653333333333333;Other;;3;Forehand
20231112_MALMO_05;20231112_MALMO;6.240654485051141;6.1866666666666665;Backhand;;1;Backhand
20231112_MALMO_05;20231112_MALMO;7.360771956726987;7.402666666666667;Smash;;1;Smash
20231112_MALMO_05;20231112_MALMO;8.376530657749804;;Other;;;
20231112_MALMO_05;20231112_MALMO;8.933110767899292;8.96;Forehand;;4;Forehand
20231112_MALMO_05;20231112_MALMO;10.178458764358773;10.218666666666667;Forehand;;1;Forehand
20231112_MALMO_05;20231112_MALMO;12.516095226986625;12.522666666666666;Smash;;1;Backhand
20231112_MALMO_05;20231112_MALMO;14.415424852871755;14.464;Smash;;2;Forehand
20231112_MALMO_05;20231112_MALMO;;6.549333333333333;;;1;Smash
20231112_MALMO_06;20231112_MALMO;0.9591943351691581;0.96;Serve;;3;Serve
20231112_MALMO_06;20231112_MALMO;1.9518489378442172;2.005333333333333;Forehand;;1;Forehand
20231112_MALMO_06;20231112_MALMO;2.7772022029897716;2.7946666666666666;Forehand;;4;Smash
20231112_MALMO_06;20231112_MALMO;3.468714398111723;;Other;;;
20231112_MALMO_06;20231112_MALMO;4.082152635719906;4.032;Forehand;;1;Forehand
20231112_MALMO_06;20231112_MALMO;4.773664830841857;4.778666666666667;Backhand;;4;Backhand
20231112_MALMO_06;20231112_MALMO;5.799779701022816;5.802666666666667;Forehand;;2;Forehand
20231112_MALMO_06;20231112_MALMO;6.312837136113297;6.336;Other;;2;Smash
20231112_MALMO_06;20231112_MALMO;7.595480723839496;7.616;Smash;;4;Smash
20231112_MALMO_06;20231112_MALMO;9.402335169158142;9.386666666666667;Backhand;;1;Backhand
20231112_MALMO_06;20231112_MALMO;11.443411487018096;11.413333333333334;Smash;;3;Smash
20231112_MALMO_06;20231112_MALMO;12.146077104642014;12.202666666666667;Backhand;;1;Backhand
20231112_MALMO_06;20231112_MALMO;13.105271439811172;13.12;Backhand;;1;Backhand
20231112_MALMO_06;20231112_MALMO;15.559024390243904;15.573333333333334;Forehand;;2;Forehand
20231112_MALMO_06;20231112_MALMO;18.882744295830058;18.837333333333333;Forehand;;1;Smash
20231112_MALMO_06;20231112_MALMO;19.328881195908732;19.349333333333334;Forehand;;2;Forehand
20231112_MALMO_06;20231112_MALMO;20.04270023603462;20.032;Backhand;;3;Backhand
20231112_MALMO_06;20231112_MALMO;20.47768371361133;20.501333333333335;Backhand;;1;Backhand
20231112_MALMO_06;20231112_MALMO;21.749173878835563;21.781333333333333;Forehand;;4;Forehand
20231112_MALMO_06;20231112_MALMO;22.34030527143981;22.336;Backhand;;2;Backhand
20231112_MALMO_06;20231112_MALMO;23.422187254130606;23.466666666666665;Forehand;;4;Forehand
20231112_MALMO_06;20231112_MALMO;25.217888276947285;25.237333333333332;Smash;;2;Smash
20231112_MALMO_06;20231112_MALMO;26.199389457120375;;Other;;;
20231112_MALMO_06;20231112_MALMO;;10.154666666666667;;;2;Forehand
20231112_MALMO_06;20231112_MALMO;;25.749333333333333;;;4;Forehand
